Sample,Adware,Backdoor,Downloader,Dropper,Spyware,Trojan,Virus,Worms
Sample 1,0.00%,5.00%,5.00%,78.00%,1.00%,0.00%,4.00%,0.00%
Sample 2,1.00%,15.00%,4.00%,32.00%,14.00%,17.00%,3.00%,17.00%
Sample 3,0.00%,1.00%,96.00%,1.00%,0.00%,0.00%,0.00%,1.00%
Sample 4,0.00%,0.00%,0.00%,10.00%,86.00%,0.00%,0.00%,0.00%
Sample 5,0.00%,13.00%,2.00%,6.00%,4.00%,15.00%,2.00%,38.00%
Sample 6,0.00%,3.00%,0.00%,1.00%,67.00%,36.00%,0.00%,12.00%
Sample 7,100.00%,0.00%,0.00%,0.00%,0.00%,0.00%,0.00%,0.00%
Sample 8,0.00%,33.50%,0.00%,37.00%,5.00%,7.00%,1.00%,11.00%
Sample 9,4.00%,25.00%,10.00%,4.00%,16.00%,7.00%,4.00%,18.00%
Sample 10,4.00%,4.00%,3.00%,11.00%,15.00%,13.00%,16.00%,68.00%
Sample 11,2.00%,15.00%,10.00%,29.00%,27.00%,20.00%,2.00%,15.00%
Sample 12,1.00%,9.83%,2.00%,49.00%,3.00%,19.00%,6.00%,4.00%
Sample 13,3.00%,4.00%,68.00%,11.00%,14.00%,5.00%,0.00%,2.00%
Sample 14,2.00%,16.00%,0.00%,14.00%,4.00%,57.00%,13.00%,23.00%
Sample 15,0.00%,4.00%,5.00%,4.00%,7.00%,22.75%,39.00%,25.00%
Sample 16,2.00%,9.00%,25.00%,14.00%,18.00%,5.00%,15.00%,14.00%
Sample 17,0.00%,31.00%,3.00%,7.00%,14.00%,4.00%,15.00%,28.00%
Sample 18,97.00%,1.00%,4.00%,0.00%,1.00%,0.00%,0.00%,0.00%
Sample 19,0.00%,15.25%,5.00%,20.00%,13.00%,12.00%,5.00%,4.00%
Sample 20,1.00%,88.00%,0.00%,1.00%,6.00%,1.00%,3.00%,1.00%
Sample 21,100.00%,0.00%,0.00%,0.00%,0.00%,0.00%,0.00%,0.00%
Sample 22,4.00%,11.75%,4.00%,6.00%,14.00%,41.00%,8.00%,14.00%
Sample 23,100.00%,0.00%,0.00%,0.00%,0.00%,0.00%,0.00%,0.00%
Sample 24,0.00%,31.49%,0.00%,0.00%,62.81%,3.00%,0.00%,3.57%
Sample 25,2.00%,5.00%,4.00%,12.00%,13.00%,8.00%,53.00%,17.00%
Sample 26,1.00%,7.00%,1.00%,8.00%,25.00%,40.00%,2.00%,6.00%
Sample 27,14.00%,8.00%,5.00%,37.00%,7.25%,4.00%,8.00%,18.00%
Sample 28,0.00%,3.00%,3.00%,4.00%,1.00%,0.50%,75.00%,3.00%
Sample 29,1.00%,1.00%,0.00%,93.00%,0.00%,0.00%,1.00%,0.00%
Sample 30,7.00%,18.00%,6.00%,30.00%,44.00%,39.00%,2.00%,3.00%
Sample 31,0.00%,89.24%,0.00%,0.00%,0.00%,0.00%,0.00%,12.41%
Sample 32,1.00%,11.00%,6.00%,11.00%,6.00%,14.00%,33.00%,23.00%
Sample 33,0.00%,1.00%,89.00%,3.00%,4.00%,1.00%,1.00%,2.00%
Sample 34,2.00%,2.00%,3.00%,3.00%,12.00%,23.00%,32.00%,3.00%
Sample 35,1.00%,20.00%,4.00%,6.00%,21.00%,14.00%,25.00%,10.00%
Sample 36,0.00%,5.00%,0.00%,65.00%,5.00%,15.00%,7.00%,11.00%
Sample 37,2.00%,6.00%,1.00%,68.00%,0.00%,2.00%,0.00%,2.00%
Sample 38,4.00%,21.40%,5.00%,41.00%,16.00%,29.00%,14.00%,14.43%
Sample 39,14.00%,3.00%,55.00%,17.00%,8.00%,9.00%,8.00%,7.00%
Sample 40,2.00%,1.00%,50.00%,1.00%,4.00%,37.00%,3.00%,0.00%
Sample 41,0.00%,12.00%,11.00%,0.00%,3.00%,9.00%,8.00%,67.00%
Sample 42,1.00%,10.00%,5.00%,9.00%,28.00%,12.00%,2.00%,13.00%
Sample 43,5.00%,6.00%,14.00%,9.00%,8.00%,11.00%,64.00%,16.00%
Sample 44,0.00%,0.00%,7.00%,89.00%,7.00%,0.00%,1.00%,0.00%
Sample 45,0.00%,3.00%,0.00%,14.00%,19.00%,28.00%,12.00%,18.00%
Sample 46,0.00%,74.00%,3.00%,0.00%,3.00%,5.00%,0.00%,21.00%
Sample 47,7.00%,5.00%,54.00%,2.00%,7.00%,14.00%,3.00%,7.00%
Sample 48,0.00%,12.00%,5.00%,5.00%,2.00%,80.00%,11.00%,2.00%
Sample 49,100.00%,0.00%,0.00%,0.00%,0.00%,0.00%,0.00%,0.00%
Sample 50,1.00%,3.00%,0.00%,19.00%,1.00%,77.00%,8.00%,4.00%
Sample 51,0.00%,12.00%,11.00%,11.00%,13.00%,7.00%,6.00%,12.00%
Sample 52,2.00%,37.83%,14.00%,15.00%,9.00%,30.00%,5.00%,18.00%
Sample 53,2.00%,4.00%,0.00%,12.00%,53.00%,17.00%,0.00%,0.00%
Sample 54,7.00%,26.00%,27.00%,6.00%,33.00%,25.00%,6.00%,18.00%
Sample 55,3.00%,1.00%,61.00%,6.00%,4.00%,16.00%,7.00%,5.00%
Sample 56,100.00%,0.00%,0.00%,0.00%,0.00%,0.00%,0.00%,0.00%
Sample 57,9.00%,22.00%,6.00%,19.00%,13.00%,10.00%,5.00%,21.50%
Sample 58,0.00%,4.00%,2.00%,34.00%,12.00%,5.00%,1.00%,23.00%
Sample 59,0.00%,1.00%,2.00%,3.00%,0.00%,4.00%,29.00%,7.67%
Sample 60,0.00%,8.00%,78.00%,1.00%,4.00%,10.00%,0.00%,0.00%
Sample 61,0.00%,89.24%,0.00%,0.00%,0.00%,0.00%,0.00%,12.41%
Sample 62,5.00%,2.00%,1.00%,18.00%,8.00%,16.00%,2.00%,7.00%
Sample 63,3.00%,1.00%,3.00%,31.00%,33.00%,17.00%,7.00%,0.00%
Sample 64,1.00%,6.00%,2.00%,15.00%,13.00%,9.00%,27.00%,16.00%
Sample 65,1.00%,11.00%,3.00%,3.00%,26.00%,37.00%,4.00%,18.00%
Sample 66,94.00%,0.00%,4.00%,1.00%,3.00%,1.00%,5.00%,0.00%
Sample 67,24.00%,3.00%,30.00%,25.00%,11.00%,22.00%,11.00%,6.00%
Sample 68,0.00%,8.00%,3.00%,0.00%,81.00%,0.00%,2.00%,13.00%
Sample 69,0.00%,4.00%,1.00%,6.00%,59.00%,21.00%,1.00%,5.00%
Sample 70,0.00%,84.00%,1.00%,0.00%,0.00%,0.00%,0.00%,6.00%
Sample 71,0.00%,2.00%,2.00%,0.00%,2.00%,0.00%,92.00%,0.00%
Sample 72,0.00%,1.00%,0.00%,0.00%,0.00%,0.00%,100.00%,0.00%
Sample 73,6.00%,16.00%,21.00%,43.00%,18.00%,23.00%,10.00%,24.00%
Sample 74,0.00%,89.24%,0.00%,0.00%,0.00%,0.00%,0.00%,12.41%
Sample 75,0.00%,0.00%,100.00%,0.00%,0.00%,0.00%,0.00%,0.00%
Sample 76,2.00%,1.00%,6.00%,65.00%,15.00%,5.00%,21.00%,1.00%
Sample 77,12.00%,4.00%,44.00%,3.00%,9.00%,14.00%,8.00%,9.00%
Sample 78,1.00%,7.00%,8.00%,36.28%,24.00%,3.00%,3.00%,6.00%
Sample 79,0.00%,0.00%,0.00%,0.00%,0.00%,0.00%,100.00%,0.00%
Sample 80,0.00%,42.00%,4.00%,25.00%,12.00%,13.00%,2.00%,0.00%
Sample 81,0.00%,4.00%,8.00%,52.67%,8.00%,4.00%,5.00%,13.00%
Sample 82,1.00%,0.00%,0.00%,18.00%,63.00%,1.00%,2.00%,2.00%
Sample 83,0.00%,3.00%,8.00%,5.50%,12.00%,25.00%,19.00%,8.00%
Sample 84,0.00%,3.00%,6.00%,1.00%,29.00%,12.00%,0.50%,24.00%
Sample 85,0.00%,0.00%,0.00%,0.00%,99.00%,0.00%,0.00%,0.00%
Sample 86,0.00%,37.00%,0.33%,4.00%,5.00%,47.00%,1.00%,0.00%
Sample 87,0.00%,4.00%,0.00%,0.00%,28.00%,22.00%,7.00%,24.00%
Sample 88,0.00%,1.00%,1.00%,3.00%,46.00%,17.00%,1.00%,13.00%
Sample 89,3.00%,6.00%,13.00%,25.00%,7.00%,13.00%,20.00%,69.00%
Sample 90,0.00%,6.00%,2.00%,0.00%,22.00%,22.00%,7.00%,28.00%
Sample 91,0.00%,3.00%,7.00%,6.00%,0.00%,77.00%,5.00%,7.00%
Sample 92,4.00%,5.00%,1.00%,4.00%,2.00%,5.00%,78.00%,1.00%
Sample 93,0.00%,4.00%,3.00%,6.00%,6.00%,52.00%,0.00%,61.00%
Sample 94,1.00%,3.00%,33.00%,5.00%,6.00%,4.00%,11.00%,10.00%
Sample 95,0.00%,20.00%,1.00%,10.00%,34.00%,6.00%,0.00%,18.00%
Sample 96,0.00%,0.00%,0.00%,0.00%,0.00%,0.00%,100.00%,0.00%
Sample 97,3.00%,10.00%,8.00%,33.25%,14.00%,10.00%,5.00%,27.00%
Sample 98,0.00%,1.00%,78.00%,4.00%,4.00%,3.00%,0.00%,12.00%
Sample 99,0.00%,4.00%,29.00%,32.00%,9.00%,10.14%,1.00%,15.00%
Sample 100,0.00%,0.00%,0.00%,1.00%,1.00%,2.00%,99.00%,2.00%
Sample 101,0.00%,7.00%,3.00%,47.00%,31.00%,4.00%,0.00%,1.00%
Sample 102,74.00%,6.00%,19.00%,6.00%,8.00%,13.00%,2.00%,5.00%
Sample 103,0.00%,1.00%,0.00%,0.00%,0.00%,0.00%,100.00%,0.00%
Sample 104,1.00%,3.00%,2.00%,8.00%,1.00%,3.00%,82.00%,11.00%
Sample 105,2.00%,6.00%,10.00%,11.00%,8.00%,51.00%,6.00%,8.58%
Sample 106,0.00%,28.00%,2.00%,23.00%,30.00%,26.00%,4.00%,2.00%
Sample 107,2.00%,0.00%,2.00%,21.00%,5.00%,3.00%,4.00%,7.00%
Sample 108,4.00%,17.80%,7.00%,7.00%,2.00%,9.00%,65.00%,7.54%
Sample 109,7.00%,1.00%,9.00%,85.00%,0.00%,2.00%,5.00%,3.00%
Sample 110,5.00%,8.00%,1.00%,16.00%,8.00%,40.00%,6.00%,17.00%
Sample 111,0.00%,6.00%,0.00%,3.00%,7.00%,19.00%,13.00%,45.00%
Sample 112,1.00%,22.00%,39.00%,8.00%,9.00%,12.00%,6.00%,9.00%
Sample 113,0.00%,2.00%,0.00%,10.00%,0.00%,81.00%,0.00%,10.00%
Sample 114,2.00%,10.00%,8.00%,9.00%,18.00%,11.00%,25.00%,35.67%
Sample 115,0.00%,100.00%,0.00%,0.00%,0.00%,0.00%,0.00%,0.00%
Sample 116,0.00%,54.00%,4.00%,4.00%,18.00%,17.00%,4.00%,7.00%
Sample 117,4.00%,6.00%,72.00%,3.00%,1.00%,7.00%,2.00%,5.00%
Sample 118,2.00%,15.00%,13.00%,9.00%,6.00%,24.00%,2.00%,5.00%
Sample 119,0.00%,0.00%,0.00%,1.00%,1.00%,6.00%,84.00%,8.00%
Sample 120,0.00%,67.00%,0.00%,1.00%,5.00%,5.00%,1.00%,0.75%
Sample 121,1.00%,27.00%,6.00%,10.00%,15.00%,10.00%,1.00%,12.00%
Sample 122,0.00%,1.00%,0.00%,9.00%,7.00%,2.00%,0.00%,77.00%
Sample 123,0.00%,7.00%,3.00%,2.00%,5.00%,10.00%,11.00%,81.00%
Sample 124,0.00%,5.00%,24.00%,4.00%,9.00%,6.40%,21.00%,26.00%
Sample 125,2.00%,12.00%,3.00%,32.00%,7.00%,7.00%,27.00%,4.00%
Sample 126,1.00%,5.00%,10.00%,33.00%,9.00%,13.00%,6.00%,30.00%
Sample 127,0.00%,17.00%,3.00%,16.00%,18.00%,12.00%,14.00%,11.00%
Sample 128,2.00%,8.00%,10.00%,25.50%,6.00%,6.00%,0.00%,16.00%
Sample 129,3.00%,6.00%,4.00%,28.00%,28.00%,14.00%,16.00%,2.00%
Sample 130,1.00%,7.00%,3.00%,17.50%,25.00%,29.00%,30.00%,22.33%
Sample 131,0.00%,1.00%,89.00%,2.00%,0.00%,1.00%,8.00%,0.00%
Sample 132,0.00%,6.00%,27.00%,4.00%,3.00%,6.00%,7.00%,23.00%
Sample 133,0.00%,86.00%,1.00%,1.00%,1.00%,2.00%,4.00%,3.00%
Sample 134,1.00%,0.00%,94.00%,5.00%,3.00%,1.00%,0.00%,0.00%
Sample 135,8.00%,0.00%,73.00%,2.00%,3.00%,2.00%,0.00%,2.00%
Sample 136,3.00%,16.00%,5.00%,8.00%,19.00%,4.00%,3.00%,34.00%
Sample 137,0.00%,91.00%,1.00%,0.00%,1.00%,0.00%,1.00%,2.00%
Sample 138,1.50%,1.00%,4.00%,10.00%,2.00%,10.00%,82.00%,11.33%
Sample 139,5.00%,15.00%,7.00%,36.00%,6.00%,7.00%,11.00%,13.50%
Sample 140,69.00%,3.00%,1.00%,2.00%,1.00%,11.00%,30.00%,1.00%
Sample 141,0.00%,5.00%,9.12%,5.00%,17.00%,1.00%,1.00%,48.00%
Sample 142,1.00%,4.00%,16.00%,7.00%,4.00%,14.50%,1.00%,22.00%
Sample 143,3.00%,20.00%,42.00%,0.00%,13.00%,8.00%,2.00%,18.00%
Sample 144,0.00%,1.00%,1.00%,16.00%,12.00%,7.00%,28.00%,52.00%
Sample 145,3.00%,1.00%,0.00%,5.00%,6.00%,4.50%,16.00%,13.00%
Sample 146,8.00%,1.00%,9.00%,28.00%,4.00%,27.00%,6.00%,17.00%
Sample 147,8.00%,10.00%,5.00%,33.50%,26.00%,4.00%,6.00%,26.00%
Sample 148,1.00%,4.00%,0.00%,4.00%,0.00%,3.00%,95.00%,5.00%
Sample 149,0.00%,8.00%,11.00%,15.00%,17.00%,18.00%,6.00%,6.00%
Sample 150,0.00%,90.00%,0.00%,0.00%,0.00%,0.00%,3.00%,6.00%
Sample 151,0.00%,0.00%,0.00%,0.00%,0.00%,0.00%,100.00%,0.00%
Sample 152,3.00%,0.00%,66.00%,8.00%,19.00%,4.00%,0.00%,1.00%
Sample 153,2.00%,13.00%,32.00%,2.00%,8.00%,54.00%,2.00%,15.00%
Sample 154,28.00%,9.00%,30.00%,2.00%,9.00%,32.00%,3.00%,1.00%
Sample 155,0.00%,3.00%,0.00%,25.00%,14.00%,13.00%,39.00%,14.00%
Sample 156,0.00%,4.00%,2.00%,50.00%,30.00%,4.00%,1.00%,1.00%
Sample 157,5.00%,3.00%,5.00%,43.00%,6.00%,6.00%,4.00%,8.00%
Sample 158,0.00%,2.00%,5.00%,3.00%,2.00%,3.00%,77.00%,21.00%
Sample 159,1.00%,2.00%,88.00%,1.00%,3.00%,1.00%,1.00%,1.00%
Sample 160,1.00%,2.00%,0.00%,2.00%,80.00%,5.00%,0.00%,5.00%
Sample 161,0.00%,0.00%,94.00%,0.00%,0.00%,0.00%,0.00%,0.00%
Sample 162,2.00%,8.00%,2.00%,24.00%,9.00%,11.00%,3.00%,10.00%
Sample 163,0.00%,0.00%,100.00%,0.00%,0.00%,0.00%,0.00%,0.00%
Sample 164,0.00%,7.00%,0.00%,3.00%,33.00%,50.00%,8.00%,12.00%
Sample 165,0.00%,0.00%,99.00%,0.00%,0.00%,0.00%,0.00%,0.00%
Sample 166,16.00%,9.12%,5.00%,24.00%,18.00%,16.00%,17.00%,9.00%
Sample 167,0.00%,2.00%,1.00%,5.00%,3.00%,13.00%,65.00%,2.00%
Sample 168,0.00%,4.00%,0.00%,7.00%,4.00%,4.00%,57.00%,9.00%
Sample 169,0.00%,0.00%,1.00%,92.00%,0.00%,0.00%,1.00%,1.00%
Sample 170,1.00%,9.00%,22.00%,10.00%,11.00%,26.00%,23.00%,31.00%
Sample 171,1.00%,2.00%,1.00%,1.00%,4.00%,67.00%,10.00%,3.00%
Sample 172,2.00%,82.00%,3.00%,0.00%,2.33%,9.00%,3.00%,8.00%
Sample 173,0.00%,48.00%,1.00%,2.00%,16.00%,23.00%,20.00%,9.00%
Sample 174,0.00%,69.00%,0.00%,1.00%,1.00%,0.00%,25.00%,0.00%
Sample 175,1.00%,2.00%,1.00%,13.00%,1.00%,1.00%,6.00%,82.00%
Sample 176,0.00%,0.00%,3.12%,0.00%,3.00%,0.00%,2.00%,85.00%
Sample 177,0.00%,68.81%,1.67%,12.00%,10.67%,12.00%,0.00%,3.00%
Sample 178,0.00%,5.00%,3.00%,4.00%,2.00%,51.00%,18.00%,16.00%
Sample 179,2.00%,42.00%,5.00%,1.00%,4.00%,12.00%,5.00%,21.00%
Sample 180,2.00%,17.00%,19.00%,24.86%,10.00%,25.00%,9.00%,15.50%
Sample 181,0.00%,90.00%,0.00%,0.00%,0.00%,2.00%,2.00%,3.00%
Sample 182,2.00%,1.00%,94.00%,0.00%,1.00%,1.00%,0.00%,0.00%
Sample 183,0.00%,0.00%,95.00%,1.00%,0.00%,0.00%,1.00%,0.00%
Sample 184,1.00%,14.00%,1.00%,7.00%,21.00%,17.00%,3.00%,43.00%
Sample 185,0.00%,0.00%,0.00%,0.00%,0.00%,0.00%,100.00%,0.00%
Sample 186,100.00%,0.00%,0.00%,0.00%,0.00%,0.00%,0.00%,0.00%
Sample 187,8.00%,11.00%,6.00%,14.00%,18.00%,9.00%,19.00%,8.00%
Sample 188,0.00%,91.00%,0.00%,0.00%,0.00%,0.00%,0.00%,1.00%
Sample 189,0.00%,4.00%,2.00%,4.00%,92.00%,3.00%,1.00%,6.00%
Sample 190,0.00%,1.00%,1.00%,3.00%,2.00%,62.00%,23.00%,2.00%
Sample 191,1.00%,1.00%,10.00%,32.00%,30.00%,10.00%,9.00%,3.67%
Sample 192,1.00%,5.00%,0.00%,0.00%,87.00%,15.00%,0.00%,0.00%
Sample 193,0.00%,14.00%,4.00%,4.00%,5.00%,4.00%,5.00%,24.00%
Sample 194,3.00%,8.00%,10.00%,10.00%,3.00%,11.00%,80.00%,13.00%
Sample 195,9.00%,5.00%,24.00%,51.85%,9.00%,8.20%,16.00%,6.00%
Sample 196,1.00%,4.33%,4.00%,57.00%,1.00%,8.00%,0.00%,3.00%
Sample 197,0.00%,59.00%,0.00%,10.00%,21.00%,9.00%,3.00%,6.00%
Sample 198,0.00%,100.00%,0.00%,0.00%,2.00%,1.00%,0.00%,2.00%
Sample 199,0.00%,95.00%,0.00%,1.00%,0.00%,0.00%,0.00%,4.00%
Sample 200,0.00%,17.00%,2.00%,2.00%,37.00%,13.00%,9.00%,5.00%
Sample 201,0.00%,1.00%,1.00%,0.00%,97.00%,1.00%,1.00%,1.00%
Sample 202,4.00%,0.00%,5.00%,18.65%,11.00%,72.00%,6.00%,6.00%
Sample 203,0.00%,0.00%,0.00%,4.00%,95.00%,0.00%,0.00%,0.00%
Sample 204,0.00%,3.00%,9.00%,0.00%,72.00%,6.00%,0.00%,3.00%
Sample 205,3.00%,2.00%,80.00%,3.00%,0.00%,6.50%,1.00%,0.00%
Sample 206,0.00%,55.00%,1.00%,5.00%,21.00%,15.00%,2.00%,9.75%
Sample 207,14.00%,12.00%,15.00%,23.00%,15.00%,21.00%,17.00%,7.00%
Sample 208,3.00%,8.00%,10.00%,10.00%,3.00%,11.00%,80.00%,13.00%
Sample 209,0.00%,5.00%,4.00%,1.00%,33.00%,35.00%,44.00%,5.00%
Sample 210,1.00%,4.00%,5.00%,2.67%,8.00%,13.00%,39.00%,27.00%
Sample 211,2.00%,45.50%,4.33%,16.00%,14.00%,18.96%,3.00%,19.00%
Sample 212,0.00%,6.00%,1.00%,1.00%,1.00%,0.00%,94.00%,3.00%
Sample 213,6.00%,23.00%,4.00%,10.00%,5.00%,27.00%,0.00%,0.00%
Sample 214,0.00%,31.00%,12.00%,9.00%,18.00%,12.00%,5.00%,3.00%
Sample 215,3.00%,31.00%,14.00%,8.00%,28.00%,20.00%,0.00%,20.00%
Sample 216,0.00%,2.00%,2.00%,1.00%,4.00%,6.00%,2.00%,86.00%
Sample 217,97.00%,1.00%,0.00%,0.00%,1.00%,0.00%,0.00%,0.00%
Sample 218,0.00%,0.00%,100.00%,0.00%,0.00%,0.00%,0.00%,0.00%
Sample 219,0.00%,0.00%,94.00%,0.00%,0.00%,11.00%,0.00%,0.00%
Sample 220,0.00%,7.88%,0.00%,18.13%,77.39%,2.00%,0.00%,4.47%
Sample 221,3.00%,16.67%,11.00%,10.00%,5.00%,13.00%,23.00%,9.50%
Sample 222,0.00%,0.00%,90.00%,0.00%,3.00%,1.00%,0.00%,0.00%
Sample 223,2.00%,6.00%,4.00%,1.00%,87.00%,14.00%,0.00%,7.00%
Sample 224,1.00%,14.00%,6.00%,6.00%,22.00%,23.00%,2.00%,15.00%
Sample 225,0.00%,0.00%,4.00%,2.00%,6.00%,5.00%,61.00%,47.00%
Sample 226,1.00%,1.00%,25.00%,11.00%,7.00%,10.00%,11.00%,5.00%
Sample 227,2.00%,4.00%,72.00%,4.00%,5.00%,23.00%,1.00%,5.00%
Sample 228,0.00%,8.00%,14.00%,12.00%,14.00%,18.00%,5.50%,30.00%
Sample 229,32.00%,4.00%,51.00%,3.00%,17.00%,3.00%,0.00%,1.00%
Sample 230,5.00%,15.00%,2.00%,31.00%,38.00%,26.00%,10.00%,10.00%
Sample 231,3.00%,14.00%,22.00%,47.00%,11.00%,25.00%,17.00%,5.00%
Sample 232,90.00%,2.00%,0.00%,2.00%,5.00%,3.00%,1.00%,1.00%
Sample 233,1.00%,1.00%,86.00%,3.00%,19.00%,14.00%,0.00%,1.00%
Sample 234,0.00%,80.00%,1.00%,0.00%,2.00%,3.00%,0.00%,24.00%
Sample 235,0.00%,4.00%,0.00%,1.00%,34.10%,6.00%,0.00%,34.32%
Sample 236,0.00%,8.00%,1.00%,14.67%,3.00%,34.00%,7.00%,24.60%
Sample 237,2.00%,15.00%,7.00%,36.00%,3.00%,15.00%,3.00%,9.00%
Sample 238,0.00%,1.00%,4.00%,3.00%,0.00%,6.00%,2.00%,95.00%
Sample 239,2.00%,2.00%,93.00%,1.00%,0.00%,2.00%,0.00%,0.00%
Sample 240,14.00%,25.00%,10.00%,7.00%,6.00%,9.00%,62.00%,11.00%
Sample 241,0.00%,12.00%,3.00%,56.00%,41.00%,6.00%,1.00%,5.00%
Sample 242,0.00%,5.00%,10.00%,50.00%,2.00%,2.00%,3.00%,14.00%
Sample 243,1.00%,1.00%,1.00%,0.00%,0.00%,3.00%,0.00%,91.00%
Sample 244,0.00%,2.00%,2.00%,0.00%,0.00%,96.00%,2.00%,0.00%
Sample 245,1.00%,20.00%,6.00%,11.00%,37.00%,25.00%,10.00%,17.00%
Sample 246,0.00%,1.00%,2.00%,3.00%,0.00%,4.00%,29.00%,7.67%
Sample 247,4.00%,22.00%,13.00%,5.00%,11.00%,22.00%,1.00%,28.00%
Sample 248,1.00%,1.00%,9.00%,2.00%,2.00%,81.00%,2.00%,1.00%
Sample 249,0.00%,32.00%,5.00%,7.00%,10.00%,12.00%,1.00%,13.00%
Sample 250,0.00%,1.00%,0.00%,0.00%,0.00%,1.00%,98.00%,0.00%
Sample 251,1.00%,7.00%,1.00%,20.00%,9.00%,36.00%,10.00%,20.00%
Sample 252,3.00%,8.00%,4.00%,5.00%,6.00%,11.50%,44.00%,9.00%
Sample 253,0.00%,9.00%,1.00%,0.00%,2.00%,2.00%,4.00%,81.00%
Sample 254,1.00%,5.00%,2.00%,23.00%,7.00%,4.00%,2.00%,57.00%
Sample 255,0.00%,22.00%,7.00%,1.00%,2.00%,7.00%,34.00%,2.00%
Sample 256,100.00%,0.00%,0.00%,0.00%,0.00%,0.00%,0.00%,0.00%
Sample 257,0.00%,13.00%,1.00%,1.00%,42.00%,13.00%,8.00%,4.00%
Sample 258,1.00%,1.00%,12.00%,52.07%,13.00%,5.00%,6.92%,15.00%
Sample 259,0.00%,0.00%,0.00%,0.00%,0.00%,0.00%,0.00%,100.00%
Sample 260,0.00%,0.00%,0.00%,0.00%,0.00%,0.00%,100.00%,0.00%
Sample 261,0.00%,33.00%,0.00%,1.00%,6.00%,12.00%,48.00%,19.00%
Sample 262,1.00%,0.00%,54.00%,52.00%,4.00%,7.00%,1.00%,1.00%
Sample 263,0.00%,1.00%,98.00%,1.00%,1.00%,0.00%,0.00%,0.00%
Sample 264,1.00%,4.00%,9.00%,3.00%,64.00%,7.50%,1.00%,7.00%
Sample 265,5.00%,2.00%,5.00%,16.00%,11.00%,30.00%,17.00%,0.00%
Sample 266,0.00%,7.00%,4.00%,1.00%,2.00%,6.00%,0.00%,77.00%
Sample 267,0.00%,36.00%,5.00%,5.00%,7.00%,2.00%,0.00%,13.00%
Sample 268,4.00%,12.00%,2.00%,56.00%,15.00%,5.00%,2.00%,4.00%
Sample 269,0.00%,8.00%,1.00%,2.00%,63.00%,4.00%,8.00%,13.00%
Sample 270,7.00%,6.00%,0.00%,8.00%,1.00%,3.00%,84.00%,9.00%
Sample 271,1.00%,11.00%,25.00%,15.00%,4.00%,11.00%,64.00%,14.00%
Sample 272,4.00%,0.00%,81.00%,5.00%,16.00%,6.00%,0.00%,1.00%
Sample 273,0.00%,7.00%,21.00%,10.00%,24.00%,5.00%,8.00%,23.50%
Sample 274,0.00%,0.00%,97.00%,0.00%,0.00%,0.00%,0.00%,0.00%
Sample 275,0.00%,0.00%,0.00%,0.00%,0.00%,0.00%,100.00%,0.00%
Sample 276,0.00%,8.00%,48.00%,1.00%,1.00%,24.00%,8.00%,13.00%
Sample 277,5.00%,7.50%,3.00%,16.00%,14.00%,4.11%,5.00%,20.33%
Sample 278,5.00%,15.00%,2.00%,15.50%,27.00%,12.00%,17.00%,22.33%
Sample 279,0.00%,23.00%,17.00%,13.00%,16.00%,19.00%,0.00%,0.00%
Sample 280,0.00%,0.00%,0.00%,20.00%,0.00%,23.00%,27.00%,11.00%
Sample 281,0.00%,8.00%,2.00%,10.00%,17.00%,36.00%,13.00%,13.00%
Sample 282,0.00%,0.00%,4.00%,0.00%,98.00%,1.00%,1.00%,2.00%
Sample 283,1.00%,13.00%,1.00%,5.00%,52.00%,9.00%,7.00%,10.00%
Sample 284,1.00%,24.00%,6.00%,18.00%,19.00%,16.00%,3.00%,0.00%
Sample 285,0.50%,7.00%,8.00%,7.00%,19.00%,19.00%,11.25%,9.00%
Sample 286,1.00%,7.00%,9.00%,2.00%,2.00%,10.17%,95.00%,0.00%
Sample 287,1.00%,31.00%,13.00%,13.00%,8.00%,21.00%,9.00%,52.00%
Sample 288,54.00%,2.00%,0.00%,1.00%,13.00%,6.00%,1.00%,4.00%
Sample 289,0.00%,94.00%,0.00%,0.00%,0.00%,2.00%,1.00%,0.00%
Sample 290,0.00%,97.00%,1.00%,0.00%,1.00%,1.00%,0.00%,1.00%
Sample 291,2.00%,25.00%,8.00%,12.00%,16.00%,19.33%,6.00%,5.00%
Sample 292,0.00%,86.00%,0.00%,3.00%,2.00%,6.00%,3.00%,1.00%
Sample 293,1.00%,6.00%,3.00%,60.00%,14.00%,1.00%,2.00%,0.00%
Sample 294,0.00%,16.00%,2.00%,22.00%,18.00%,8.00%,1.00%,51.00%
Sample 295,0.00%,0.00%,0.00%,0.00%,0.00%,0.00%,99.00%,1.00%
Sample 296,0.00%,6.00%,1.00%,3.00%,3.00%,6.00%,14.00%,68.00%
Sample 297,0.00%,13.00%,7.00%,35.00%,17.00%,17.00%,0.00%,8.00%
Sample 298,1.00%,31.00%,5.00%,14.00%,40.00%,20.00%,5.00%,6.00%
Sample 299,0.00%,48.00%,7.00%,4.00%,15.00%,19.00%,4.00%,21.00%
Sample 300,1.00%,34.75%,1.00%,6.00%,10.00%,7.00%,4.00%,11.00%
Sample 301,1.50%,0.00%,4.00%,1.00%,96.00%,1.00%,2.00%,0.00%
Sample 302,23.00%,9.00%,7.00%,4.00%,13.00%,10.00%,8.00%,4.00%
Sample 303,35.00%,0.00%,0.00%,4.00%,5.00%,71.00%,0.00%,2.00%
Sample 304,0.60%,2.00%,1.00%,1.00%,1.00%,0.00%,89.00%,2.25%
Sample 305,0.00%,8.00%,46.00%,11.00%,7.00%,12.00%,1.00%,21.00%
Sample 306,1.00%,58.00%,21.00%,0.00%,0.00%,8.00%,2.00%,18.50%
Sample 307,2.00%,1.00%,2.00%,7.75%,67.00%,9.00%,2.00%,8.00%
Sample 308,0.00%,13.00%,20.00%,17.00%,9.00%,14.00%,13.00%,15.00%
Sample 309,1.00%,3.00%,14.00%,51.67%,13.00%,4.17%,5.92%,12.00%
Sample 310,1.00%,8.00%,35.00%,6.00%,6.00%,7.00%,10.00%,7.00%
Sample 311,0.00%,91.00%,1.00%,1.00%,0.00%,6.00%,0.00%,0.00%
Sample 312,1.00%,0.00%,95.00%,1.00%,2.00%,2.00%,1.00%,0.00%
Sample 313,0.00%,1.00%,5.00%,3.00%,6.00%,5.00%,95.00%,3.00%
Sample 314,0.00%,7.00%,3.00%,71.00%,13.00%,10.00%,1.00%,0.00%
Sample 315,3.00%,5.00%,1.00%,11.00%,7.00%,61.00%,9.00%,24.00%
Sample 316,1.00%,18.00%,19.00%,4.00%,6.00%,4.00%,1.00%,42.00%
Sample 317,0.00%,13.00%,3.00%,5.00%,13.00%,6.00%,2.00%,50.83%
Sample 318,0.00%,4.00%,0.00%,2.00%,0.00%,1.00%,94.00%,6.00%
Sample 319,0.00%,10.00%,2.00%,30.00%,16.00%,4.00%,4.00%,13.00%
Sample 320,3.00%,6.00%,8.00%,5.00%,9.00%,7.00%,1.00%,49.98%
Sample 321,0.00%,21.00%,12.00%,3.00%,31.00%,49.00%,0.00%,3.00%
Sample 322,0.00%,8.00%,1.00%,10.67%,13.00%,42.00%,11.00%,15.00%
Sample 323,2.00%,0.00%,0.00%,1.00%,1.00%,6.00%,5.00%,79.00%
Sample 324,22.00%,11.00%,4.00%,8.00%,21.00%,9.00%,72.00%,19.00%
Sample 325,3.00%,6.33%,4.00%,0.00%,1.00%,3.00%,83.00%,4.00%
Sample 326,0.00%,0.00%,95.00%,0.00%,0.00%,3.00%,0.00%,0.00%
Sample 327,1.00%,2.00%,0.00%,77.00%,2.00%,2.00%,13.00%,0.00%
Sample 328,0.00%,3.00%,3.00%,3.00%,12.00%,61.00%,1.00%,9.14%
Sample 329,0.00%,1.00%,0.00%,2.00%,1.00%,1.00%,97.00%,1.00%
Sample 330,0.50%,5.00%,0.00%,8.00%,1.00%,3.50%,71.00%,8.00%
Sample 331,7.00%,0.00%,33.00%,10.00%,17.00%,6.00%,3.00%,1.00%
Sample 332,0.00%,83.00%,0.00%,7.00%,15.00%,1.00%,0.00%,0.00%
Sample 333,0.00%,13.00%,0.00%,8.00%,20.00%,13.00%,6.00%,20.00%
Sample 334,0.00%,6.77%,8.00%,4.00%,4.00%,7.67%,23.50%,20.52%
Sample 335,0.00%,95.00%,0.00%,0.00%,0.00%,11.00%,0.00%,0.00%
Sample 336,2.00%,10.00%,4.00%,31.00%,27.00%,24.00%,5.00%,22.00%
Sample 337,3.00%,1.00%,17.00%,1.00%,2.00%,8.00%,45.00%,3.00%
Sample 338,0.00%,1.00%,0.00%,1.00%,5.00%,9.00%,5.00%,69.00%
Sample 339,0.00%,2.00%,0.00%,3.00%,0.00%,2.00%,90.00%,5.80%
Sample 340,0.00%,0.00%,90.00%,5.00%,2.00%,2.00%,0.00%,0.00%
Sample 341,0.00%,0.00%,100.00%,0.00%,0.00%,0.00%,0.00%,0.00%
Sample 342,0.00%,100.00%,0.00%,0.00%,0.00%,0.00%,0.00%,0.00%
Sample 343,2.00%,6.58%,3.00%,9.67%,9.00%,27.17%,71.00%,17.50%
Sample 344,0.00%,14.00%,11.00%,7.00%,17.00%,17.00%,11.00%,7.00%
Sample 345,3.00%,5.00%,10.00%,42.00%,8.00%,8.00%,1.00%,1.00%
Sample 346,0.00%,2.00%,0.00%,2.00%,4.00%,92.00%,4.00%,7.50%
Sample 347,0.00%,7.00%,89.00%,0.00%,5.00%,1.00%,0.00%,0.00%
Sample 348,0.00%,20.35%,0.00%,1.00%,3.00%,80.90%,0.00%,0.00%
Sample 349,31.00%,26.00%,12.00%,5.00%,17.00%,14.00%,10.00%,7.00%
Sample 350,11.00%,23.00%,14.00%,4.00%,13.00%,40.00%,4.00%,37.00%
Sample 351,0.00%,5.00%,22.00%,19.00%,27.00%,36.00%,3.00%,23.00%
Sample 352,0.00%,1.00%,0.00%,0.00%,0.00%,0.00%,100.00%,0.00%
Sample 353,0.00%,0.00%,0.00%,0.00%,1.00%,0.00%,100.00%,0.00%
Sample 354,0.00%,72.00%,4.00%,0.00%,1.00%,8.00%,0.00%,24.67%
Sample 355,0.00%,0.00%,0.00%,0.00%,0.00%,0.00%,0.00%,100.00%
Sample 356,1.00%,32.00%,3.00%,4.00%,36.00%,14.00%,3.00%,4.00%
Sample 357,0.00%,10.00%,5.00%,7.00%,14.00%,12.00%,9.00%,29.00%
Sample 358,0.00%,1.00%,3.00%,1.00%,4.00%,2.00%,0.00%,94.00%
Sample 359,3.00%,4.00%,4.20%,87.00%,4.00%,11.00%,5.00%,17.00%
Sample 360,0.00%,0.00%,0.00%,0.00%,0.00%,0.33%,100.00%,0.00%
Sample 361,1.00%,10.00%,2.00%,13.00%,10.00%,12.00%,60.00%,22.00%
Sample 362,100.00%,0.00%,0.00%,0.00%,0.00%,0.00%,0.00%,0.00%
Sample 363,1.00%,2.00%,59.00%,18.00%,8.00%,2.00%,6.50%,0.00%
Sample 364,5.00%,18.00%,8.00%,30.00%,18.00%,21.00%,17.00%,11.00%
Sample 365,13.00%,7.00%,19.00%,6.00%,18.60%,16.00%,26.60%,17.00%
Sample 366,2.00%,44.00%,9.00%,1.00%,17.00%,24.00%,10.00%,4.00%
Sample 367,0.00%,83.00%,0.00%,0.00%,0.00%,0.00%,0.00%,28.00%
Sample 368,0.00%,12.00%,0.00%,6.00%,36.00%,7.00%,4.00%,22.00%
Sample 369,0.00%,2.00%,90.00%,6.00%,1.00%,0.00%,1.00%,0.00%
Sample 370,1.00%,75.00%,1.00%,8.00%,9.00%,6.00%,3.00%,9.17%
Sample 371,0.00%,0.00%,95.00%,0.00%,1.00%,3.00%,0.00%,0.00%
Sample 372,1.00%,1.00%,4.00%,44.00%,3.00%,23.00%,32.00%,8.50%
Sample 373,4.00%,1.00%,57.00%,2.00%,3.00%,17.00%,0.00%,1.00%
Sample 374,1.00%,23.00%,36.00%,20.00%,36.00%,15.00%,0.00%,36.67%
Sample 375,6.00%,14.00%,4.00%,11.67%,2.00%,20.75%,64.50%,13.50%
Sample 376,1.00%,3.00%,10.00%,3.00%,37.00%,10.00%,3.00%,13.00%
Sample 377,0.00%,5.00%,32.00%,6.00%,5.00%,31.00%,0.00%,6.79%
Sample 378,1.00%,0.00%,99.00%,0.00%,0.00%,0.00%,1.00%,0.00%
Sample 379,10.00%,1.00%,23.00%,63.00%,2.00%,20.00%,1.00%,0.00%
Sample 380,0.00%,42.75%,0.00%,2.00%,4.00%,4.00%,6.00%,4.14%
Sample 381,3.00%,18.67%,8.00%,13.67%,8.00%,27.00%,34.00%,23.00%
Sample 382,0.00%,0.00%,100.00%,0.00%,0.00%,0.00%,0.00%,0.00%
Sample 383,0.00%,26.00%,0.00%,13.00%,38.00%,1.00%,0.00%,8.00%
Sample 384,0.00%,4.00%,28.00%,28.00%,20.00%,12.00%,2.00%,13.00%
Sample 385,1.00%,13.00%,0.00%,1.00%,5.00%,10.00%,77.00%,5.00%
Sample 386,0.00%,46.00%,1.00%,2.00%,20.00%,4.00%,1.00%,4.00%
Sample 387,0.00%,2.88%,2.00%,22.00%,32.00%,5.00%,0.00%,12.00%
Sample 388,13.00%,3.00%,12.00%,52.00%,5.00%,12.00%,4.50%,6.00%
Sample 389,1.00%,98.00%,1.00%,1.00%,2.00%,1.00%,0.00%,1.00%
Sample 390,0.00%,0.00%,0.00%,2.00%,4.00%,0.00%,89.00%,0.00%
Sample 391,0.00%,4.00%,9.00%,6.00%,6.00%,34.00%,2.00%,7.00%
Sample 392,1.00%,52.00%,2.00%,22.00%,7.00%,9.00%,8.00%,14.00%
Sample 393,0.00%,24.00%,0.00%,62.00%,1.00%,5.00%,1.00%,0.00%
Sample 394,0.00%,0.00%,0.00%,0.00%,0.00%,1.00%,97.00%,1.00%
Sample 395,1.00%,71.00%,1.00%,1.00%,1.00%,2.00%,0.00%,48.00%
Sample 396,0.00%,70.00%,0.00%,2.00%,3.00%,2.00%,0.00%,2.00%
Sample 397,0.00%,8.00%,28.00%,17.00%,0.00%,17.00%,10.00%,15.92%
Sample 398,8.17%,17.00%,12.00%,8.00%,11.00%,26.00%,10.00%,15.00%
Sample 399,0.00%,7.00%,15.00%,0.00%,6.00%,23.00%,2.00%,17.00%
Sample 400,0.00%,10.00%,3.00%,5.00%,23.00%,11.00%,5.00%,16.00%
Sample 401,7.00%,19.00%,19.00%,18.00%,22.00%,47.00%,26.00%,45.00%
Sample 402,10.00%,23.00%,7.00%,19.00%,15.00%,28.00%,14.00%,12.60%
Sample 403,0.00%,1.00%,0.00%,24.00%,31.00%,13.00%,1.00%,9.00%
Sample 404,4.00%,3.00%,7.00%,25.00%,8.00%,13.00%,7.00%,12.00%
Sample 405,0.00%,4.00%,3.00%,3.00%,8.00%,9.00%,4.00%,73.00%
Sample 406,3.00%,6.00%,12.00%,14.00%,5.00%,14.00%,3.00%,18.00%
Sample 407,1.00%,35.00%,6.00%,2.00%,14.00%,10.00%,4.00%,15.33%
Sample 408,0.00%,0.00%,75.00%,15.00%,6.00%,1.00%,0.00%,0.00%
Sample 409,100.00%,0.00%,1.00%,0.00%,0.00%,0.00%,0.00%,0.00%
Sample 410,0.00%,1.00%,3.00%,23.00%,0.00%,19.00%,2.00%,36.00%
Sample 411,13.00%,21.00%,16.00%,7.00%,11.00%,15.00%,70.00%,10.00%
Sample 412,4.00%,18.67%,32.00%,5.00%,7.00%,14.00%,20.00%,15.00%
Sample 413,0.00%,3.00%,2.00%,79.00%,1.00%,4.00%,1.00%,1.00%
Sample 414,1.33%,8.00%,11.50%,3.00%,3.00%,12.00%,14.00%,76.00%
Sample 415,2.00%,14.00%,8.00%,9.00%,18.00%,13.00%,1.00%,21.00%
Sample 416,5.00%,6.00%,25.00%,17.00%,5.00%,5.00%,6.00%,12.00%
Sample 417,4.00%,4.67%,10.00%,27.67%,17.00%,37.50%,16.50%,22.33%
Sample 418,0.00%,3.00%,1.00%,5.00%,87.00%,6.00%,2.00%,4.00%
Sample 419,7.00%,30.00%,35.00%,5.00%,33.00%,32.00%,4.00%,20.00%
Sample 420,1.00%,1.00%,0.00%,23.00%,51.00%,1.00%,4.00%,3.00%
Sample 421,0.00%,0.00%,0.00%,1.00%,0.00%,0.00%,0.00%,100.00%
Sample 422,0.00%,0.00%,0.00%,1.00%,1.00%,1.00%,88.00%,0.00%
Sample 423,0.50%,2.00%,1.00%,6.00%,1.00%,2.00%,94.00%,10.00%
Sample 424,6.00%,0.00%,7.00%,29.25%,7.00%,6.00%,54.00%,7.00%
Sample 425,0.00%,8.00%,0.00%,1.00%,3.00%,11.00%,46.00%,28.00%
Sample 426,0.00%,0.00%,2.00%,0.00%,3.00%,75.00%,0.00%,23.00%
Sample 427,2.00%,2.00%,11.00%,39.00%,3.00%,6.00%,2.00%,12.00%
Sample 428,5.00%,13.00%,28.90%,20.00%,20.00%,22.50%,20.00%,22.00%
Sample 429,1.00%,5.00%,2.00%,83.00%,4.00%,1.00%,14.00%,2.00%
Sample 430,0.00%,76.00%,0.00%,0.00%,1.00%,2.00%,8.00%,1.00%
Sample 431,0.00%,5.00%,5.00%,6.00%,11.00%,2.00%,6.00%,50.50%
Sample 432,0.00%,13.00%,2.00%,13.00%,40.00%,18.00%,7.00%,11.00%
Sample 433,7.00%,44.00%,23.00%,9.00%,13.00%,20.00%,25.00%,21.00%
Sample 434,40.00%,6.00%,5.00%,11.00%,4.00%,6.33%,4.25%,26.00%
Sample 435,0.00%,0.00%,97.00%,1.00%,2.00%,1.00%,0.00%,0.00%
Sample 436,0.00%,0.50%,0.00%,5.00%,98.00%,2.00%,0.00%,0.00%
Sample 437,0.00%,2.00%,0.00%,1.00%,0.00%,3.00%,92.00%,0.00%
Sample 438,1.00%,9.00%,19.00%,24.00%,19.25%,18.00%,2.00%,3.00%
Sample 439,100.00%,0.00%,0.00%,0.00%,0.00%,0.00%,0.00%,0.00%
Sample 440,0.00%,21.00%,23.00%,17.00%,15.00%,5.00%,1.00%,7.67%
Sample 441,1.00%,15.00%,6.00%,4.00%,13.00%,22.00%,12.00%,8.00%
Sample 442,0.00%,4.00%,5.00%,13.00%,12.00%,59.00%,1.00%,2.00%
Sample 443,0.00%,8.00%,10.00%,67.00%,5.00%,2.00%,0.00%,7.17%
Sample 444,0.00%,2.00%,32.00%,41.94%,9.00%,13.66%,7.00%,10.00%
Sample 445,1.00%,98.00%,0.00%,0.00%,0.00%,0.00%,0.00%,0.00%
Sample 446,2.00%,3.00%,88.00%,0.00%,3.00%,4.00%,0.00%,0.00%
Sample 447,0.00%,0.00%,0.00%,0.00%,96.00%,0.00%,3.00%,2.00%
Sample 448,0.00%,2.00%,0.00%,8.00%,6.00%,2.00%,58.77%,4.65%
Sample 449,1.00%,0.00%,1.00%,0.00%,1.00%,88.00%,0.00%,0.00%
Sample 450,0.00%,4.00%,1.00%,7.00%,36.00%,10.00%,12.00%,3.00%
Sample 451,1.00%,15.00%,1.00%,7.00%,20.00%,16.00%,3.00%,43.00%
Sample 452,0.00%,0.00%,0.00%,0.00%,0.00%,0.00%,100.00%,0.00%
Sample 453,3.00%,2.00%,4.00%,46.00%,13.00%,1.00%,2.00%,0.00%
Sample 454,0.00%,23.00%,0.00%,4.62%,59.25%,23.00%,0.00%,11.50%
Sample 455,0.00%,2.00%,76.00%,0.00%,4.00%,3.00%,0.00%,1.00%
Sample 456,0.00%,0.00%,1.00%,1.00%,0.00%,88.00%,1.00%,4.00%
Sample 457,5.00%,12.88%,6.00%,52.00%,12.00%,9.00%,14.00%,21.43%
Sample 458,1.00%,3.00%,10.78%,16.67%,6.00%,9.00%,5.00%,29.00%
Sample 459,3.00%,2.00%,2.00%,2.00%,0.00%,6.00%,93.00%,2.00%
Sample 460,0.00%,2.00%,100.00%,1.00%,0.00%,0.00%,0.00%,0.00%
Sample 461,0.00%,0.00%,95.00%,0.00%,2.00%,0.00%,0.00%,0.00%
Sample 462,4.00%,6.00%,1.00%,30.00%,8.00%,5.00%,9.00%,41.00%
Sample 463,0.00%,13.00%,5.00%,28.00%,9.00%,8.00%,20.00%,16.00%
Sample 464,0.00%,1.00%,1.00%,0.00%,0.00%,0.00%,100.00%,0.00%
Sample 465,2.00%,6.00%,45.00%,5.00%,7.00%,22.00%,5.00%,7.00%
Sample 466,1.33%,12.00%,9.00%,4.00%,24.00%,34.00%,4.00%,24.00%
Sample 467,0.00%,12.00%,18.00%,3.00%,2.00%,16.00%,2.00%,14.00%
Sample 468,0.00%,76.00%,0.00%,1.00%,8.00%,6.00%,0.00%,2.00%
Sample 469,4.50%,9.00%,15.00%,13.00%,15.00%,14.00%,12.00%,18.00%
Sample 470,1.00%,2.00%,63.00%,0.00%,3.00%,20.00%,2.00%,0.00%
Sample 471,0.00%,72.00%,1.00%,2.00%,2.00%,0.00%,9.00%,0.00%
Sample 472,1.00%,12.00%,30.00%,10.00%,5.00%,29.00%,16.00%,47.00%
Sample 473,0.00%,5.00%,1.00%,15.00%,4.00%,14.00%,15.00%,5.00%
Sample 474,0.00%,76.00%,0.00%,16.00%,2.00%,0.00%,0.00%,0.00%
Sample 475,0.00%,7.00%,6.00%,9.00%,6.00%,28.00%,5.00%,71.00%
Sample 476,6.00%,4.00%,2.00%,67.00%,5.00%,3.00%,10.00%,6.00%
Sample 477,0.00%,49.00%,0.00%,17.00%,18.00%,3.00%,1.00%,0.00%
Sample 478,100.00%,0.00%,0.00%,0.00%,0.00%,0.00%,0.00%,0.00%
Sample 479,1.00%,1.00%,91.00%,2.00%,0.00%,3.00%,0.00%,3.00%
Sample 480,0.00%,20.00%,3.00%,3.00%,31.00%,15.00%,14.00%,11.00%
Sample 481,0.00%,1.00%,0.00%,1.00%,5.00%,9.00%,5.00%,69.00%
Sample 482,0.00%,0.00%,0.00%,1.00%,97.00%,0.00%,0.00%,2.00%
Sample 483,0.00%,3.00%,1.00%,2.00%,5.00%,0.00%,97.00%,1.00%
Sample 484,2.00%,4.00%,1.00%,72.50%,5.00%,9.00%,1.00%,5.00%
Sample 485,2.00%,1.00%,11.00%,33.00%,2.00%,0.00%,52.00%,0.00%
Sample 486,4.00%,19.00%,34.00%,3.50%,12.00%,7.00%,3.25%,13.58%
Sample 487,24.00%,6.00%,8.00%,29.00%,7.00%,12.00%,2.00%,4.00%
Sample 488,1.00%,20.00%,9.00%,16.00%,6.00%,32.00%,5.00%,12.73%
Sample 489,0.00%,0.00%,0.00%,0.00%,0.00%,0.00%,100.00%,0.00%
Sample 490,29.00%,6.00%,9.00%,28.00%,9.00%,14.00%,18.00%,60.00%
Sample 491,13.00%,30.00%,39.00%,5.00%,28.00%,17.00%,11.00%,14.00%
Sample 492,1.00%,4.00%,2.00%,40.00%,5.00%,13.00%,2.00%,8.00%
Sample 493,6.00%,33.00%,40.00%,8.00%,13.00%,11.00%,29.00%,42.00%
Sample 494,1.00%,19.83%,3.00%,3.00%,9.00%,19.00%,17.00%,14.50%
Sample 495,0.00%,0.00%,0.00%,0.00%,1.00%,0.00%,100.00%,0.00%
Sample 496,4.00%,3.00%,20.00%,49.00%,1.00%,15.00%,1.00%,15.00%
Sample 497,0.00%,3.00%,2.00%,16.00%,30.00%,43.00%,6.00%,19.00%
Sample 498,2.00%,2.00%,2.00%,4.00%,5.00%,19.00%,2.00%,67.00%
Sample 499,1.00%,5.00%,1.00%,9.07%,53.00%,3.00%,4.00%,12.00%
Sample 500,0.00%,8.00%,2.00%,1.00%,7.00%,6.00%,1.00%,65.00%
Sample 501,1.00%,6.00%,1.00%,0.00%,52.00%,14.00%,0.00%,3.00%
Sample 502,0.00%,1.00%,18.00%,61.00%,1.00%,8.00%,3.00%,2.00%
Sample 503,0.00%,9.00%,1.00%,53.00%,8.00%,4.00%,1.00%,11.00%
Sample 504,0.00%,1.00%,0.00%,2.00%,2.00%,2.00%,99.00%,0.00%
Sample 505,0.00%,1.00%,0.00%,2.00%,17.20%,0.00%,0.00%,66.00%
Sample 506,8.00%,17.00%,10.00%,10.00%,15.00%,47.00%,10.00%,12.00%
Sample 507,0.00%,1.00%,1.00%,0.00%,90.00%,2.00%,0.00%,4.00%
Sample 508,100.00%,0.00%,0.00%,0.00%,0.00%,0.00%,0.00%,0.00%
Sample 509,100.00%,0.00%,0.00%,0.00%,0.00%,0.00%,0.00%,0.00%
Sample 510,0.00%,28.00%,0.00%,16.00%,30.00%,14.00%,5.00%,2.00%
Sample 511,0.00%,3.00%,97.00%,0.00%,0.00%,7.00%,0.00%,4.00%
Sample 512,0.00%,0.00%,100.00%,0.00%,0.00%,0.00%,0.00%,0.00%
Sample 513,8.00%,2.00%,5.00%,47.00%,6.00%,3.00%,11.00%,8.00%
Sample 514,2.00%,20.00%,1.00%,22.00%,16.33%,19.00%,1.00%,14.00%
Sample 515,1.00%,14.00%,16.00%,24.00%,32.00%,31.00%,25.00%,11.00%
Sample 516,0.00%,4.00%,0.00%,16.00%,9.00%,29.00%,2.00%,68.00%
Sample 517,2.75%,27.00%,11.00%,38.00%,31.00%,11.00%,16.00%,14.00%
Sample 518,90.00%,1.00%,10.00%,1.00%,1.00%,2.00%,0.00%,0.00%
Sample 519,3.00%,12.00%,23.00%,49.63%,6.00%,7.00%,12.00%,12.00%
Sample 520,0.00%,1.00%,12.00%,77.62%,5.00%,2.00%,0.00%,1.00%
Sample 521,0.00%,8.00%,4.00%,6.00%,18.00%,8.00%,4.00%,40.00%
Sample 522,0.00%,0.00%,2.00%,0.00%,0.00%,0.00%,1.00%,99.00%
Sample 523,21.00%,6.00%,38.00%,5.00%,10.00%,31.00%,9.00%,8.00%
Sample 524,0.00%,8.00%,7.00%,23.00%,2.00%,1.00%,3.00%,19.00%
Sample 525,0.00%,9.00%,16.00%,16.00%,34.00%,11.00%,4.00%,8.83%
Sample 526,0.00%,0.00%,0.00%,0.00%,0.00%,0.00%,0.00%,100.00%
Sample 527,4.00%,8.00%,6.00%,10.00%,19.00%,26.00%,28.00%,10.00%
Sample 528,4.00%,32.00%,13.00%,6.00%,16.00%,20.00%,5.00%,15.00%
Sample 529,0.00%,0.00%,2.00%,92.00%,0.00%,0.00%,0.00%,1.00%
Sample 530,0.00%,11.00%,0.00%,7.00%,50.00%,17.00%,1.00%,7.00%
Sample 531,0.00%,1.00%,77.00%,0.00%,15.00%,1.00%,0.00%,1.00%
Sample 532,9.33%,33.00%,26.00%,14.00%,31.00%,22.00%,17.00%,28.00%
Sample 533,100.00%,0.00%,0.00%,0.00%,0.00%,0.00%,0.00%,0.00%
Sample 534,100.00%,0.00%,0.00%,0.00%,0.00%,0.00%,0.00%,0.00%
Sample 535,0.00%,0.00%,0.00%,0.00%,0.00%,0.00%,0.00%,100.00%
Sample 536,0.00%,0.00%,100.00%,0.00%,0.00%,0.00%,0.00%,0.00%
Sample 537,4.75%,50.00%,6.00%,14.00%,24.00%,20.50%,13.00%,12.00%
Sample 538,2.00%,57.00%,16.00%,1.00%,1.00%,15.00%,5.00%,17.00%
Sample 539,4.00%,5.00%,6.00%,10.00%,1.00%,11.00%,76.00%,3.00%
Sample 540,0.00%,10.00%,3.00%,39.00%,18.00%,52.00%,17.00%,16.00%
Sample 541,0.00%,27.00%,6.00%,1.00%,38.00%,7.00%,8.00%,14.00%
Sample 542,3.00%,22.83%,17.00%,9.00%,17.00%,19.00%,27.00%,17.00%
Sample 543,3.00%,6.00%,5.60%,9.00%,4.00%,6.00%,44.33%,21.67%
Sample 544,0.00%,0.00%,0.00%,0.00%,0.00%,0.00%,100.00%,0.00%
Sample 545,0.00%,0.00%,100.00%,0.00%,0.00%,0.00%,0.00%,0.00%
Sample 546,0.00%,5.00%,0.00%,89.00%,6.00%,0.00%,0.00%,2.00%
Sample 547,0.00%,6.00%,96.00%,0.00%,0.00%,0.00%,0.00%,0.00%
Sample 548,0.00%,0.00%,0.00%,0.00%,0.00%,1.00%,100.00%,0.00%
Sample 549,3.00%,10.00%,3.00%,14.00%,4.00%,39.00%,12.00%,10.00%
Sample 550,0.00%,2.57%,5.00%,15.00%,11.00%,52.00%,7.00%,11.00%
Sample 551,100.00%,0.00%,0.00%,0.00%,0.00%,0.00%,0.00%,0.00%
Sample 552,4.75%,48.22%,5.00%,10.50%,11.00%,5.00%,3.00%,4.00%
Sample 553,0.00%,5.00%,4.00%,4.00%,4.00%,59.00%,1.00%,24.00%
Sample 554,0.00%,1.00%,0.00%,100.00%,0.00%,0.00%,0.00%,0.00%
Sample 555,2.00%,66.00%,2.00%,1.00%,1.00%,1.00%,1.00%,43.00%
Sample 556,0.00%,1.00%,2.00%,4.00%,16.00%,35.00%,15.00%,18.00%
Sample 557,0.00%,0.00%,0.00%,0.00%,0.00%,0.00%,100.00%,0.00%
Sample 558,0.00%,0.00%,0.00%,0.00%,0.00%,0.00%,99.00%,1.00%
Sample 559,3.00%,5.00%,7.00%,26.00%,9.00%,54.00%,21.00%,5.00%
Sample 560,3.00%,26.33%,7.00%,14.00%,15.00%,6.00%,7.00%,12.00%
Sample 561,0.00%,0.00%,2.00%,1.00%,1.00%,0.00%,98.00%,2.00%
Sample 562,2.00%,3.00%,10.00%,6.00%,0.00%,3.00%,80.00%,3.00%
Sample 563,2.00%,7.00%,9.00%,17.00%,62.00%,5.00%,3.67%,7.00%
Sample 564,14.00%,9.00%,6.00%,18.00%,10.00%,23.00%,19.00%,2.00%
Sample 565,1.00%,63.00%,3.00%,9.00%,5.00%,11.17%,2.00%,9.00%
Sample 566,1.00%,2.00%,7.00%,45.00%,5.00%,2.00%,23.00%,3.00%
Sample 567,0.00%,0.00%,97.00%,0.00%,0.00%,2.00%,0.00%,0.00%
Sample 568,0.00%,3.00%,3.00%,4.00%,20.00%,30.00%,3.00%,47.00%
Sample 569,2.00%,5.00%,6.00%,28.67%,17.00%,14.00%,3.00%,14.00%
Sample 570,7.00%,17.00%,24.00%,9.00%,21.00%,20.00%,14.00%,28.00%
Sample 571,2.00%,2.00%,0.00%,93.00%,0.00%,3.00%,1.00%,5.00%
Sample 572,0.00%,1.00%,0.00%,1.00%,63.00%,7.00%,0.00%,22.00%
Sample 573,5.00%,6.00%,4.00%,27.00%,33.00%,6.00%,6.00%,1.00%
Sample 574,3.00%,27.27%,15.25%,21.00%,15.50%,42.50%,11.00%,14.00%
Sample 575,0.00%,18.00%,1.00%,6.00%,26.00%,14.00%,8.00%,14.00%
Sample 576,1.00%,9.00%,34.00%,21.00%,19.00%,3.00%,5.00%,2.00%
Sample 577,2.00%,9.00%,4.00%,3.50%,3.00%,6.00%,41.00%,6.00%
Sample 578,0.00%,1.00%,60.00%,0.00%,3.00%,17.00%,1.00%,5.00%
Sample 579,4.00%,28.00%,6.00%,7.00%,15.00%,31.00%,20.00%,17.00%
Sample 580,0.00%,2.00%,70.00%,0.00%,0.00%,11.00%,1.00%,0.00%
Sample 581,4.00%,40.00%,31.00%,10.00%,23.00%,18.00%,38.00%,44.00%
Sample 582,8.00%,6.00%,26.00%,7.00%,8.00%,16.00%,2.00%,23.00%
Sample 583,1.00%,59.00%,2.00%,3.00%,7.67%,6.00%,2.00%,8.00%
Sample 584,0.00%,15.00%,4.00%,1.00%,19.00%,12.00%,5.00%,33.00%
Sample 585,1.00%,6.00%,0.00%,2.00%,8.00%,12.00%,9.00%,80.00%
Sample 586,8.00%,24.33%,23.00%,4.00%,47.00%,29.00%,3.14%,10.00%
Sample 587,100.00%,1.00%,0.00%,0.00%,0.00%,0.00%,0.00%,0.00%
Sample 588,0.00%,1.00%,0.00%,1.00%,13.00%,10.00%,12.00%,33.00%
Sample 589,2.00%,10.50%,4.00%,8.50%,4.00%,23.00%,61.00%,8.00%
Sample 590,0.00%,12.00%,11.00%,6.00%,3.00%,21.00%,6.00%,34.00%
Sample 591,2.00%,22.33%,2.00%,7.00%,7.00%,15.00%,1.00%,22.00%
Sample 592,0.00%,3.00%,1.00%,0.00%,0.00%,82.00%,0.00%,4.00%
Sample 593,0.00%,16.00%,4.00%,1.00%,16.00%,10.00%,7.00%,36.00%
Sample 594,2.00%,17.00%,25.00%,3.00%,5.00%,3.00%,5.40%,12.00%
Sample 595,0.00%,3.00%,3.00%,5.00%,2.00%,3.00%,5.00%,83.00%
Sample 596,0.00%,0.00%,0.00%,0.00%,86.00%,1.00%,0.00%,0.00%
Sample 597,9.00%,25.00%,10.00%,6.00%,0.00%,6.00%,7.00%,23.00%
Sample 598,8.00%,11.00%,8.00%,26.00%,17.00%,28.00%,55.00%,15.00%
Sample 599,0.00%,5.00%,3.00%,4.00%,75.00%,3.00%,0.00%,5.00%
Sample 600,0.00%,0.00%,100.00%,0.00%,0.00%,0.00%,0.00%,0.00%
Sample 601,0.00%,41.00%,2.00%,5.00%,27.00%,17.00%,0.00%,1.00%
Sample 602,1.00%,5.00%,3.00%,18.00%,43.00%,8.00%,1.00%,10.10%
Sample 603,1.00%,11.33%,2.00%,4.00%,17.00%,2.00%,0.00%,44.00%
Sample 604,1.00%,1.00%,2.00%,6.00%,13.00%,18.00%,4.00%,21.00%
Sample 605,13.00%,10.00%,14.00%,15.00%,8.00%,7.00%,37.00%,5.00%
Sample 606,0.00%,1.00%,89.00%,0.00%,0.00%,6.00%,0.00%,0.00%
Sample 607,3.00%,10.00%,57.00%,7.00%,13.33%,16.00%,3.00%,10.00%
Sample 608,0.00%,49.00%,3.00%,6.00%,3.00%,7.00%,5.00%,5.06%
Sample 609,2.00%,20.00%,4.00%,3.00%,32.00%,30.00%,5.00%,7.00%
Sample 610,1.00%,4.00%,51.00%,7.00%,6.00%,12.00%,5.00%,13.00%
Sample 611,1.00%,11.00%,22.00%,8.00%,19.00%,21.00%,0.00%,7.00%
Sample 612,63.00%,4.00%,8.00%,3.33%,6.00%,4.00%,5.00%,8.00%
Sample 613,0.00%,18.00%,17.00%,9.00%,13.00%,34.00%,10.00%,26.75%
Sample 614,0.00%,2.00%,26.00%,4.00%,5.00%,49.00%,0.00%,7.00%
Sample 615,0.00%,0.00%,0.00%,0.00%,94.00%,0.00%,0.00%,0.00%
Sample 616,1.00%,5.00%,0.00%,53.00%,1.00%,1.00%,21.00%,3.00%
Sample 617,0.00%,0.00%,1.00%,79.80%,15.25%,1.00%,0.00%,0.00%
Sample 618,0.00%,6.00%,0.00%,8.00%,10.00%,68.11%,3.00%,10.00%
Sample 619,0.00%,0.00%,100.00%,0.00%,0.00%,0.00%,0.00%,0.00%
Sample 620,2.00%,9.00%,49.00%,2.00%,13.00%,5.00%,2.00%,6.00%
Sample 621,0.00%,0.00%,0.00%,0.00%,95.00%,3.00%,1.00%,0.00%
Sample 622,0.00%,1.00%,0.00%,5.00%,86.00%,2.00%,0.00%,1.00%
Sample 623,0.00%,2.00%,0.00%,77.00%,1.00%,0.00%,15.00%,0.00%
Sample 624,0.00%,51.17%,0.00%,0.00%,0.00%,61.83%,0.00%,0.00%
Sample 625,0.00%,0.00%,0.00%,1.00%,0.00%,0.00%,0.00%,100.00%
Sample 626,1.00%,24.00%,5.00%,37.00%,24.00%,26.00%,9.00%,3.00%
Sample 627,3.00%,10.00%,1.00%,23.00%,6.00%,26.00%,10.00%,16.00%
Sample 628,2.00%,28.00%,29.00%,3.00%,8.00%,17.00%,19.00%,16.00%
Sample 629,2.00%,6.00%,1.00%,10.00%,10.00%,22.00%,32.00%,0.00%
Sample 630,0.00%,93.00%,0.00%,0.00%,0.00%,1.00%,1.00%,14.00%
Sample 631,3.00%,7.00%,26.00%,8.00%,7.00%,54.00%,2.00%,10.00%
Sample 632,1.00%,7.00%,1.00%,20.00%,9.00%,36.00%,10.00%,20.00%
Sample 633,3.00%,68.00%,2.00%,2.00%,5.00%,9.00%,4.00%,13.00%
Sample 634,0.00%,0.00%,95.00%,0.00%,1.00%,5.00%,1.00%,1.00%
Sample 635,0.00%,0.00%,0.00%,1.00%,83.00%,0.00%,0.00%,0.00%
Sample 636,1.00%,9.00%,3.00%,12.00%,13.00%,22.00%,11.00%,37.00%
Sample 637,0.00%,7.00%,1.00%,22.00%,16.00%,0.00%,1.00%,15.00%
Sample 638,1.00%,12.00%,14.00%,1.00%,2.00%,66.00%,8.00%,4.00%
Sample 639,0.00%,48.00%,14.00%,5.00%,11.00%,13.00%,5.00%,13.00%
Sample 640,0.00%,3.00%,1.00%,7.00%,6.00%,16.00%,5.00%,35.00%
Sample 641,0.00%,4.00%,2.00%,1.00%,0.00%,85.00%,0.00%,2.00%
Sample 642,13.00%,13.00%,13.00%,4.00%,1.00%,11.50%,49.00%,5.00%
Sample 643,0.00%,1.00%,2.00%,6.50%,6.00%,32.00%,9.00%,41.00%
Sample 644,2.00%,3.00%,0.00%,17.00%,3.00%,76.00%,3.00%,10.00%
Sample 645,0.00%,15.00%,1.00%,45.00%,6.00%,4.00%,2.00%,24.00%
Sample 646,0.00%,7.00%,1.00%,4.00%,4.00%,63.00%,14.00%,4.00%
Sample 647,4.00%,25.00%,8.00%,16.00%,31.00%,23.00%,7.33%,6.00%
Sample 648,0.00%,2.00%,4.00%,17.00%,0.00%,48.00%,2.00%,3.00%
Sample 649,1.00%,29.00%,7.00%,4.00%,6.00%,9.00%,7.00%,0.00%
Sample 650,0.00%,0.00%,100.00%,0.00%,0.00%,0.00%,0.00%,0.00%
Sample 651,0.00%,23.00%,7.00%,40.00%,6.00%,8.00%,1.00%,9.00%
Sample 652,2.00%,17.00%,13.00%,10.00%,16.00%,26.00%,4.00%,10.00%
Sample 653,6.00%,3.00%,73.00%,1.00%,2.00%,17.00%,3.00%,1.00%
Sample 654,0.00%,3.00%,30.00%,1.00%,2.00%,7.00%,1.00%,53.00%
Sample 655,0.00%,59.67%,10.00%,6.00%,16.00%,11.00%,0.00%,13.00%
Sample 656,0.00%,3.00%,1.00%,2.50%,5.00%,5.00%,84.00%,10.00%
Sample 657,0.00%,5.00%,22.00%,18.00%,7.00%,13.00%,17.00%,19.00%
Sample 658,0.00%,0.00%,0.00%,100.00%,1.00%,4.00%,0.00%,0.00%
Sample 659,2.00%,18.33%,3.00%,3.00%,10.00%,25.00%,1.00%,3.00%
Sample 660,2.00%,10.00%,6.00%,23.00%,9.00%,12.00%,0.00%,27.00%
Sample 661,0.00%,31.00%,0.00%,15.00%,34.00%,5.00%,3.00%,2.00%
Sample 662,2.00%,16.00%,73.00%,1.00%,8.00%,17.00%,3.00%,20.00%
Sample 663,0.00%,5.00%,4.00%,22.00%,81.00%,10.00%,1.00%,0.00%
Sample 664,1.00%,81.00%,6.00%,6.00%,8.00%,4.00%,10.00%,4.00%
Sample 665,0.00%,7.83%,1.00%,9.00%,2.00%,11.40%,55.00%,18.00%
Sample 666,0.00%,13.00%,0.00%,2.00%,58.00%,7.00%,3.00%,10.00%
Sample 667,0.00%,0.00%,90.00%,3.00%,1.00%,1.00%,0.00%,3.00%
Sample 668,0.00%,90.00%,0.00%,11.00%,0.00%,0.00%,0.00%,0.00%
Sample 669,0.00%,0.00%,2.00%,92.00%,0.00%,0.00%,0.00%,1.00%
Sample 670,0.00%,2.00%,4.00%,7.00%,13.00%,8.00%,19.00%,45.00%
Sample 671,5.00%,6.00%,8.00%,46.00%,9.00%,22.00%,8.00%,22.00%
Sample 672,2.00%,10.00%,11.00%,4.00%,48.00%,13.00%,4.00%,9.00%
Sample 673,2.00%,2.00%,0.00%,2.00%,1.00%,4.00%,56.00%,32.00%
Sample 674,0.00%,89.24%,0.00%,0.00%,0.00%,0.00%,0.00%,12.41%
Sample 675,9.00%,3.00%,14.00%,12.00%,20.00%,10.00%,1.00%,14.00%
Sample 676,5.00%,22.00%,3.00%,4.00%,37.00%,23.00%,0.00%,2.00%
Sample 677,0.00%,46.00%,5.00%,4.00%,51.00%,6.00%,6.00%,5.00%
Sample 678,1.00%,1.00%,3.78%,11.00%,23.00%,6.00%,10.00%,30.00%
Sample 679,0.00%,19.00%,8.00%,2.00%,27.00%,15.00%,7.00%,21.00%
Sample 680,3.00%,41.00%,1.00%,24.00%,44.00%,21.00%,1.00%,0.00%
Sample 681,5.00%,8.00%,19.00%,3.00%,31.00%,19.00%,11.00%,18.00%
Sample 682,0.00%,4.00%,0.00%,9.70%,88.00%,0.00%,0.00%,2.57%
Sample 683,0.00%,6.00%,1.00%,18.00%,6.67%,24.00%,21.00%,25.00%
Sample 684,4.00%,11.00%,4.00%,5.00%,6.00%,14.00%,0.00%,7.00%
Sample 685,1.00%,65.00%,0.00%,0.00%,2.00%,0.00%,6.00%,3.00%
Sample 686,2.00%,18.00%,1.00%,9.00%,17.00%,22.00%,6.00%,11.00%
Sample 687,0.00%,10.00%,0.00%,3.71%,49.00%,14.00%,0.00%,17.00%
Sample 688,0.00%,85.00%,0.00%,0.00%,0.00%,2.00%,1.00%,8.00%
Sample 689,0.00%,5.41%,0.00%,1.25%,85.52%,0.00%,0.00%,8.16%
Sample 690,0.00%,1.00%,0.00%,1.00%,0.00%,1.00%,91.00%,6.00%
Sample 691,11.10%,2.00%,5.40%,21.00%,16.75%,27.67%,25.00%,8.00%
Sample 692,0.00%,13.00%,18.67%,3.00%,4.00%,5.00%,5.00%,32.00%
Sample 693,4.00%,3.00%,2.00%,14.67%,13.00%,15.00%,57.00%,1.00%
Sample 694,1.00%,2.00%,0.00%,15.00%,72.00%,2.00%,5.00%,1.00%
Sample 695,0.00%,15.00%,13.00%,3.00%,5.00%,13.00%,16.00%,9.00%
Sample 696,8.00%,33.00%,21.00%,4.50%,21.00%,12.00%,15.00%,33.50%
Sample 697,2.00%,29.00%,8.00%,5.00%,12.00%,20.00%,4.00%,21.00%
Sample 698,2.00%,9.00%,14.00%,16.00%,17.00%,26.00%,48.00%,9.90%
Sample 699,2.00%,5.67%,1.40%,8.67%,10.00%,6.90%,66.00%,18.00%
Sample 700,0.00%,3.00%,6.00%,9.00%,17.00%,4.00%,1.00%,55.00%
Sample 701,0.00%,0.00%,2.00%,78.15%,10.00%,8.00%,0.00%,0.00%
Sample 702,100.00%,0.00%,0.00%,0.00%,0.00%,0.00%,0.00%,0.00%
Sample 703,3.00%,18.00%,29.00%,14.00%,9.00%,6.00%,9.00%,25.00%
Sample 704,1.00%,3.00%,1.00%,4.00%,11.00%,15.00%,20.00%,9.00%
Sample 705,0.00%,0.00%,2.00%,72.00%,2.00%,2.00%,5.00%,4.00%
Sample 706,18.00%,11.00%,8.67%,19.00%,16.00%,18.00%,20.00%,18.00%
Sample 707,0.00%,1.00%,0.00%,1.00%,2.00%,16.00%,0.00%,56.00%
Sample 708,0.00%,0.00%,2.00%,90.83%,13.00%,0.00%,0.00%,0.00%
Sample 709,1.00%,12.00%,4.00%,11.00%,8.00%,10.00%,4.00%,16.00%
Sample 710,2.00%,7.33%,15.00%,8.00%,7.00%,8.00%,9.50%,7.00%
Sample 711,0.00%,5.00%,32.00%,39.00%,10.00%,1.00%,4.00%,0.00%
Sample 712,2.00%,27.00%,7.00%,3.00%,8.00%,8.00%,9.00%,23.00%
Sample 713,0.00%,0.00%,0.00%,2.00%,2.00%,7.00%,65.00%,38.00%
Sample 714,1.00%,41.67%,2.00%,1.00%,15.00%,44.00%,0.00%,1.00%
Sample 715,100.00%,0.00%,0.00%,0.00%,0.00%,0.00%,0.00%,0.00%
Sample 716,0.00%,0.00%,0.00%,0.00%,0.00%,0.00%,0.00%,99.00%
Sample 717,1.00%,18.00%,5.00%,30.00%,11.00%,27.00%,16.00%,15.00%
Sample 718,1.00%,5.00%,11.00%,11.00%,18.00%,4.00%,3.00%,22.00%
Sample 719,3.00%,8.00%,4.00%,8.00%,12.00%,11.00%,3.00%,10.00%
Sample 720,0.00%,5.00%,3.00%,46.00%,8.00%,21.83%,7.00%,19.00%
Sample 721,2.00%,15.00%,8.00%,19.00%,17.00%,15.00%,4.00%,25.00%
Sample 722,0.00%,14.00%,0.00%,13.00%,1.00%,9.00%,18.00%,15.00%
Sample 723,0.00%,51.75%,0.20%,0.00%,0.00%,42.00%,0.00%,3.00%
Sample 724,0.00%,2.00%,1.00%,3.00%,0.00%,2.00%,90.00%,1.67%
Sample 725,3.00%,14.00%,2.00%,1.00%,2.00%,83.00%,12.00%,1.00%
Sample 726,100.00%,0.00%,0.00%,0.00%,0.00%,0.00%,0.00%,0.00%
Sample 727,0.00%,1.00%,0.00%,97.00%,0.00%,0.00%,0.00%,0.00%
Sample 728,0.00%,0.00%,92.00%,2.00%,0.00%,0.00%,1.00%,3.00%
Sample 729,0.00%,6.00%,0.00%,0.00%,2.00%,4.00%,87.00%,4.00%
Sample 730,0.00%,0.00%,100.00%,0.00%,0.00%,1.00%,0.00%,0.00%
Sample 731,7.00%,10.00%,13.00%,61.00%,14.00%,11.00%,7.00%,10.00%
Sample 732,0.00%,3.00%,3.00%,3.00%,1.00%,1.00%,94.00%,14.00%
Sample 733,0.00%,10.00%,3.00%,3.50%,1.00%,6.00%,43.00%,21.00%
Sample 734,1.00%,17.00%,15.00%,2.00%,65.00%,1.00%,2.00%,18.00%
Sample 735,0.00%,25.00%,9.00%,17.00%,27.00%,4.00%,10.00%,33.00%
Sample 736,4.00%,23.00%,20.00%,12.00%,10.00%,28.00%,7.00%,22.00%
Sample 737,100.00%,0.00%,1.00%,0.00%,0.00%,0.00%,0.00%,0.00%
Sample 738,2.00%,13.00%,11.00%,5.00%,21.00%,14.00%,2.00%,15.00%
Sample 739,0.00%,2.00%,27.00%,4.00%,1.00%,9.00%,2.00%,15.00%
Sample 740,3.00%,1.00%,7.00%,12.00%,11.00%,8.00%,5.00%,68.00%
Sample 741,0.00%,2.00%,3.00%,17.00%,4.00%,13.00%,16.00%,35.00%
Sample 742,0.00%,0.00%,0.00%,0.00%,0.00%,0.00%,3.60%,88.41%
Sample 743,0.00%,59.00%,0.00%,0.00%,2.00%,45.00%,1.00%,5.33%
Sample 744,100.00%,0.00%,0.00%,0.00%,0.00%,0.00%,0.00%,0.00%
Sample 745,1.00%,6.00%,14.00%,2.00%,3.00%,17.00%,21.00%,62.00%
Sample 746,0.00%,1.00%,0.00%,4.00%,2.00%,20.00%,10.00%,67.00%
Sample 747,1.00%,12.00%,16.00%,20.00%,12.00%,26.00%,14.00%,2.00%
Sample 748,1.00%,23.00%,8.00%,12.00%,9.00%,50.00%,15.00%,18.00%
Sample 749,0.00%,18.00%,2.00%,4.00%,11.00%,36.00%,3.00%,23.00%
Sample 750,3.00%,11.00%,4.00%,9.00%,6.00%,7.00%,6.00%,10.00%
Sample 751,0.00%,9.00%,3.00%,4.00%,11.00%,48.00%,27.00%,4.00%
Sample 752,0.00%,0.00%,0.00%,0.00%,0.00%,0.00%,100.00%,0.00%
Sample 753,1.00%,5.00%,2.00%,5.00%,3.00%,66.00%,9.00%,28.00%
Sample 754,2.00%,7.00%,0.00%,2.00%,8.00%,5.00%,52.00%,6.00%
Sample 755,1.00%,0.00%,0.00%,2.00%,2.00%,1.00%,86.00%,1.00%
Sample 756,0.00%,4.00%,1.00%,3.00%,1.00%,7.00%,81.00%,2.00%
Sample 757,0.00%,0.00%,88.00%,0.00%,0.00%,7.00%,0.00%,1.00%
Sample 758,1.00%,6.00%,0.00%,4.00%,54.00%,8.00%,1.00%,6.00%
Sample 759,6.00%,16.50%,8.00%,23.50%,25.00%,33.42%,11.50%,18.00%
Sample 760,14.00%,13.00%,38.00%,23.00%,21.00%,45.00%,13.00%,25.00%
Sample 761,1.00%,0.00%,1.00%,10.00%,73.25%,1.00%,1.00%,3.00%
Sample 762,0.00%,100.00%,0.00%,0.00%,1.00%,0.00%,0.00%,0.00%
Sample 763,4.00%,35.67%,13.00%,10.00%,11.00%,23.00%,0.00%,14.40%
Sample 764,0.00%,28.00%,2.00%,8.00%,23.00%,11.00%,17.00%,15.00%
Sample 765,0.00%,0.00%,0.00%,0.00%,94.00%,0.00%,0.00%,0.00%
Sample 766,4.00%,7.00%,5.00%,10.00%,11.00%,17.00%,21.00%,4.00%
Sample 767,3.00%,4.00%,8.00%,34.00%,45.00%,12.00%,18.00%,3.00%
Sample 768,0.00%,3.00%,6.00%,68.00%,8.00%,6.00%,1.00%,3.00%
Sample 769,0.00%,4.00%,1.00%,0.00%,3.00%,7.00%,20.00%,62.00%
Sample 770,0.00%,4.00%,3.00%,0.00%,1.00%,1.00%,80.00%,5.00%
Sample 771,0.00%,30.25%,7.00%,5.25%,13.00%,3.00%,13.00%,26.00%
Sample 772,2.00%,0.00%,4.00%,91.00%,2.00%,5.00%,7.00%,5.00%
Sample 773,0.00%,1.00%,2.00%,3.00%,2.00%,74.00%,20.00%,2.00%
Sample 774,0.00%,11.00%,2.00%,2.00%,1.00%,2.00%,86.00%,2.00%
Sample 775,1.00%,14.00%,5.00%,14.00%,12.00%,7.00%,23.00%,17.00%
Sample 776,3.00%,16.00%,64.00%,6.00%,11.00%,2.00%,7.00%,1.00%
Sample 777,2.00%,8.00%,59.00%,2.00%,5.00%,5.00%,7.00%,3.00%
Sample 778,2.00%,6.00%,36.00%,8.00%,1.00%,4.00%,10.00%,7.00%
Sample 779,0.00%,17.00%,4.00%,3.00%,51.00%,40.00%,4.00%,3.00%
Sample 780,10.75%,18.00%,17.00%,30.29%,33.00%,22.09%,35.50%,34.00%
Sample 781,1.00%,2.00%,3.00%,78.00%,4.00%,1.00%,2.00%,3.00%
Sample 782,3.00%,0.00%,3.00%,48.00%,1.00%,5.00%,5.00%,20.00%
Sample 783,2.00%,15.00%,13.00%,11.00%,23.00%,16.00%,10.00%,27.00%
Sample 784,1.00%,30.00%,7.00%,3.00%,9.00%,35.00%,3.00%,18.00%
Sample 785,3.00%,9.00%,2.00%,6.00%,12.00%,11.00%,32.00%,0.00%
Sample 786,0.00%,34.00%,0.00%,1.00%,51.00%,0.00%,0.00%,7.00%
Sample 787,0.00%,6.00%,2.00%,10.00%,12.00%,80.00%,3.00%,6.00%
Sample 788,2.00%,5.00%,42.00%,1.00%,3.00%,16.00%,6.00%,2.00%
Sample 789,0.00%,64.00%,2.00%,1.00%,20.20%,8.00%,4.00%,4.27%
Sample 790,0.00%,10.00%,4.00%,0.00%,5.67%,0.00%,4.00%,79.00%
Sample 791,6.00%,8.00%,16.00%,10.00%,5.00%,19.50%,20.00%,4.00%
Sample 792,7.00%,33.00%,4.00%,4.00%,16.00%,7.00%,11.00%,13.00%
Sample 793,0.00%,3.00%,1.00%,4.00%,0.00%,82.00%,3.00%,5.50%
Sample 794,7.00%,15.00%,5.00%,11.00%,16.00%,18.00%,4.00%,7.20%
Sample 795,1.00%,59.00%,0.00%,0.00%,1.00%,1.00%,1.00%,69.00%
Sample 796,18.00%,7.00%,10.00%,10.00%,7.00%,24.00%,14.00%,12.00%
Sample 797,100.00%,0.00%,0.00%,0.00%,0.00%,0.00%,0.00%,0.00%
Sample 798,0.00%,13.00%,0.00%,2.00%,60.00%,13.00%,2.00%,8.00%
Sample 799,1.29%,11.00%,7.00%,14.00%,6.00%,6.00%,24.00%,28.00%
Sample 800,0.00%,2.00%,0.00%,8.00%,6.00%,2.00%,58.77%,4.65%
Sample 801,1.00%,6.00%,0.00%,0.00%,92.00%,1.00%,0.00%,0.00%
Sample 802,4.00%,15.00%,22.00%,1.00%,0.00%,9.00%,7.00%,48.00%
Sample 803,3.00%,52.00%,6.00%,6.00%,22.00%,33.00%,1.00%,1.00%
Sample 804,5.00%,6.00%,12.00%,40.00%,7.00%,12.50%,6.00%,22.00%
Sample 805,0.00%,8.00%,10.00%,3.00%,6.00%,11.00%,0.00%,68.00%
Sample 806,1.00%,7.00%,3.00%,3.00%,4.00%,7.00%,8.00%,92.00%
Sample 807,2.00%,28.00%,7.00%,25.00%,9.00%,7.00%,3.00%,8.00%
Sample 808,1.00%,20.00%,13.75%,10.00%,34.00%,5.50%,13.17%,24.00%
Sample 809,2.00%,4.00%,8.00%,57.00%,4.00%,6.00%,2.00%,2.00%
Sample 810,1.00%,36.00%,2.00%,9.00%,4.00%,7.00%,7.00%,7.00%
Sample 811,19.00%,4.00%,22.00%,19.00%,23.00%,9.00%,1.00%,1.00%
Sample 812,0.00%,1.00%,2.00%,99.00%,1.00%,4.00%,0.00%,2.00%
Sample 813,0.00%,8.00%,5.00%,8.00%,2.00%,9.00%,85.00%,3.00%
Sample 814,11.00%,25.00%,23.00%,34.00%,24.00%,20.00%,10.33%,28.50%
Sample 815,0.00%,13.00%,10.00%,21.00%,4.00%,24.00%,7.00%,25.25%
Sample 816,0.00%,0.00%,0.00%,3.00%,93.00%,0.00%,1.00%,0.00%
Sample 817,1.00%,19.00%,3.00%,40.00%,12.00%,14.00%,7.00%,4.00%
Sample 818,3.00%,11.40%,66.00%,2.00%,9.00%,21.00%,3.00%,16.00%
Sample 819,1.00%,7.00%,19.50%,57.00%,3.67%,16.00%,17.00%,9.00%
Sample 820,10.00%,0.00%,73.00%,2.00%,2.00%,5.00%,0.00%,1.00%
Sample 821,1.00%,12.00%,32.00%,14.00%,11.00%,29.00%,3.00%,9.00%
Sample 822,0.00%,1.00%,0.00%,1.00%,2.00%,0.00%,1.00%,97.00%
Sample 823,2.00%,18.00%,25.00%,54.00%,27.30%,9.00%,14.00%,17.00%
Sample 824,0.00%,3.00%,4.00%,4.00%,4.00%,7.00%,3.00%,5.30%
Sample 825,1.00%,1.00%,23.00%,0.00%,1.00%,60.00%,0.00%,0.00%
Sample 826,1.00%,6.00%,4.00%,35.00%,4.00%,48.00%,3.00%,4.00%
Sample 827,0.00%,0.00%,0.00%,0.00%,0.00%,0.00%,100.00%,0.00%
Sample 828,2.00%,2.00%,6.00%,24.00%,4.00%,9.00%,12.00%,26.00%
Sample 829,1.00%,2.00%,4.00%,44.00%,18.00%,11.00%,1.00%,10.00%
Sample 830,0.00%,9.00%,1.00%,7.00%,12.00%,1.00%,5.22%,57.00%
Sample 831,4.00%,83.00%,2.00%,1.00%,3.00%,25.00%,9.00%,2.00%
Sample 832,0.00%,0.00%,87.00%,0.00%,1.00%,3.00%,1.00%,11.00%
Sample 833,11.00%,4.00%,40.00%,1.00%,6.00%,23.00%,3.00%,2.00%
Sample 834,97.00%,0.00%,2.00%,0.00%,0.00%,0.00%,0.00%,0.00%
Sample 835,0.00%,4.00%,96.00%,0.00%,5.00%,2.00%,0.00%,0.00%
Sample 836,4.00%,2.00%,16.00%,2.00%,16.00%,22.00%,11.00%,33.00%
Sample 837,0.00%,7.80%,8.00%,13.00%,11.00%,10.00%,10.00%,1.75%
Sample 838,0.00%,1.00%,1.00%,1.00%,1.00%,1.00%,95.00%,4.00%
Sample 839,100.00%,0.00%,0.00%,0.00%,0.00%,0.00%,0.00%,0.00%
Sample 840,0.00%,0.00%,0.00%,0.00%,0.00%,0.00%,100.00%,0.00%
Sample 841,2.00%,68.00%,5.00%,1.00%,11.00%,3.00%,9.00%,4.00%
Sample 842,2.00%,6.00%,2.00%,11.00%,57.00%,19.00%,1.00%,19.00%
Sample 843,0.00%,0.00%,100.00%,0.00%,0.00%,0.00%,0.00%,0.00%
Sample 844,0.00%,0.00%,0.00%,0.00%,0.00%,1.00%,100.00%,0.00%
Sample 845,2.00%,43.00%,5.00%,2.00%,19.00%,13.00%,4.00%,4.00%
Sample 846,2.00%,8.00%,5.00%,61.00%,16.00%,8.00%,5.00%,24.00%
Sample 847,0.00%,0.00%,0.00%,1.00%,8.20%,3.00%,0.00%,73.00%
Sample 848,0.00%,28.00%,2.00%,8.00%,23.00%,11.00%,18.00%,17.00%
Sample 849,4.00%,24.00%,6.00%,28.00%,33.00%,18.00%,6.00%,1.00%
Sample 850,0.00%,10.00%,1.00%,10.00%,4.00%,16.00%,10.00%,34.00%
Sample 851,3.00%,27.00%,28.00%,6.00%,8.00%,21.00%,11.00%,35.00%
Sample 852,1.00%,11.00%,35.00%,11.00%,3.00%,21.00%,62.00%,5.00%
Sample 853,3.00%,17.00%,37.00%,4.00%,15.00%,24.00%,5.00%,14.00%
Sample 854,0.00%,2.00%,0.00%,13.00%,1.00%,40.00%,4.00%,31.00%
Sample 855,0.00%,34.00%,2.00%,2.00%,29.00%,24.00%,0.00%,6.00%
Sample 856,0.00%,93.00%,0.00%,0.00%,0.00%,0.00%,7.00%,4.00%
Sample 857,100.00%,0.00%,0.00%,0.00%,0.00%,0.00%,0.00%,0.00%
Sample 858,9.00%,6.00%,3.00%,50.00%,31.00%,17.00%,13.00%,16.00%
Sample 859,0.00%,1.00%,2.00%,4.00%,64.00%,4.00%,5.00%,13.00%
Sample 860,0.00%,13.00%,5.00%,0.00%,27.00%,13.00%,4.00%,33.00%
Sample 861,0.00%,0.00%,0.00%,1.00%,1.00%,0.00%,99.00%,2.00%
Sample 862,0.00%,21.00%,0.00%,3.00%,63.00%,29.00%,2.00%,9.43%
Sample 863,3.00%,24.00%,22.00%,3.00%,17.00%,2.00%,22.00%,5.00%
Sample 864,1.29%,9.00%,9.00%,25.00%,15.00%,4.00%,17.00%,29.00%
Sample 865,0.00%,1.00%,0.00%,65.00%,0.00%,7.00%,7.00%,14.00%
Sample 866,1.00%,3.00%,91.00%,5.00%,0.00%,3.00%,2.00%,2.00%
Sample 867,2.00%,13.00%,1.00%,4.00%,2.00%,76.00%,6.00%,2.00%
Sample 868,0.00%,10.00%,5.00%,32.00%,25.00%,21.00%,1.00%,1.00%
Sample 869,0.00%,15.00%,27.00%,15.00%,5.00%,4.00%,3.00%,5.00%
Sample 870,0.00%,16.75%,7.00%,7.00%,12.00%,22.80%,10.50%,16.00%
Sample 871,0.00%,9.00%,58.00%,1.00%,11.00%,1.00%,0.00%,0.00%
Sample 872,2.00%,76.00%,16.00%,2.00%,5.00%,12.00%,6.00%,16.00%
Sample 873,3.00%,25.00%,24.00%,11.00%,15.00%,12.00%,1.00%,16.00%
Sample 874,1.00%,11.00%,0.00%,10.00%,17.00%,38.00%,12.00%,9.00%
Sample 875,0.00%,6.00%,3.00%,69.00%,9.00%,5.00%,4.20%,4.00%
Sample 876,100.00%,0.00%,0.00%,0.00%,0.00%,0.00%,0.00%,0.00%
Sample 877,97.00%,1.00%,0.00%,0.00%,1.00%,0.00%,0.00%,0.00%
Sample 878,0.00%,16.00%,0.67%,0.00%,0.00%,1.00%,6.00%,54.00%
Sample 879,0.00%,7.00%,4.00%,5.00%,44.00%,7.00%,10.00%,10.00%
Sample 880,0.00%,3.00%,1.00%,7.00%,8.00%,20.00%,23.00%,21.00%
Sample 881,2.00%,0.00%,1.00%,6.00%,3.00%,70.00%,2.00%,3.00%
Sample 882,0.00%,91.00%,0.00%,1.00%,0.00%,1.00%,0.00%,2.00%
Sample 883,0.00%,2.00%,1.00%,83.00%,8.00%,2.00%,0.00%,3.00%
Sample 884,0.00%,4.00%,0.00%,1.00%,2.00%,3.00%,0.00%,89.00%
Sample 885,0.00%,0.00%,12.00%,71.00%,10.00%,3.38%,4.00%,1.00%
Sample 886,0.00%,26.00%,3.00%,8.00%,30.00%,12.00%,2.00%,16.00%
Sample 887,0.00%,29.00%,0.00%,24.00%,0.00%,6.00%,2.00%,41.00%
Sample 888,2.00%,15.00%,12.00%,11.00%,42.00%,34.00%,11.00%,16.00%
Sample 889,2.00%,4.00%,6.00%,9.00%,8.00%,7.00%,14.00%,88.00%
Sample 890,2.00%,0.00%,93.00%,3.00%,0.00%,4.00%,0.00%,2.00%
Sample 891,0.00%,3.00%,9.00%,6.00%,13.00%,10.00%,6.25%,15.00%
Sample 892,9.00%,22.00%,17.00%,7.50%,16.00%,14.00%,19.00%,36.50%
Sample 893,4.00%,11.00%,8.00%,9.50%,6.00%,12.00%,23.00%,35.00%
Sample 894,4.00%,6.00%,6.00%,81.00%,14.00%,7.00%,3.00%,4.00%
Sample 895,0.00%,52.14%,8.00%,2.00%,26.00%,20.00%,1.00%,2.00%
Sample 896,6.00%,18.00%,17.00%,26.00%,21.00%,28.00%,15.17%,13.67%
Sample 897,99.00%,0.00%,0.00%,0.00%,0.00%,0.00%,0.00%,0.00%
Sample 898,1.00%,0.00%,33.00%,0.00%,12.00%,10.00%,5.00%,19.00%
Sample 899,0.00%,10.00%,15.00%,47.00%,5.00%,13.00%,0.00%,8.00%
Sample 900,1.00%,7.00%,9.00%,33.00%,7.33%,19.00%,1.00%,14.00%
Sample 901,1.00%,7.00%,5.00%,14.00%,5.00%,68.00%,9.00%,7.00%
Sample 902,1.00%,2.00%,0.00%,15.00%,72.00%,2.00%,5.00%,1.00%
Sample 903,1.00%,34.00%,3.00%,21.00%,11.00%,12.00%,3.00%,1.00%
Sample 904,0.00%,0.00%,95.00%,0.00%,1.00%,0.00%,0.00%,0.00%
Sample 905,2.00%,24.00%,25.33%,12.00%,13.00%,33.00%,10.00%,19.00%
Sample 906,1.00%,13.00%,6.00%,7.00%,4.00%,10.00%,2.00%,38.00%
Sample 907,0.00%,0.00%,0.00%,0.00%,98.00%,0.00%,0.00%,0.00%
Sample 908,0.00%,0.00%,0.00%,0.00%,0.00%,0.00%,0.00%,100.00%
Sample 909,0.00%,9.00%,0.00%,3.00%,16.00%,5.00%,4.00%,34.00%
Sample 910,5.00%,11.00%,8.00%,57.00%,9.00%,7.00%,2.00%,7.00%
Sample 911,1.00%,6.00%,1.00%,2.00%,7.00%,6.00%,3.00%,85.00%
Sample 912,2.00%,0.00%,0.00%,24.00%,45.00%,3.00%,2.00%,4.00%
Sample 913,24.00%,20.83%,19.33%,18.77%,15.00%,30.50%,24.00%,15.00%
Sample 914,1.00%,0.00%,0.00%,30.00%,36.00%,2.00%,2.00%,4.00%
Sample 915,0.00%,2.00%,0.00%,0.00%,36.10%,6.00%,0.00%,36.30%
Sample 916,0.00%,0.00%,2.00%,6.00%,6.00%,5.00%,78.00%,8.00%
Sample 917,3.00%,18.00%,20.00%,22.00%,16.00%,26.00%,32.00%,13.50%
Sample 918,7.00%,13.00%,21.00%,7.00%,5.00%,74.00%,0.00%,8.00%
Sample 919,3.00%,33.00%,6.00%,21.00%,29.00%,31.00%,0.00%,1.00%
Sample 920,0.67%,12.00%,6.00%,17.00%,15.00%,14.00%,13.00%,18.80%
Sample 921,0.00%,93.50%,0.00%,0.00%,0.00%,8.67%,0.00%,1.00%
Sample 922,0.00%,19.00%,1.00%,52.00%,11.00%,6.00%,0.00%,0.00%
Sample 923,0.00%,3.00%,0.00%,3.00%,12.00%,6.00%,10.00%,48.00%
Sample 924,7.00%,0.00%,15.00%,55.00%,3.00%,5.00%,32.00%,0.00%
Sample 925,0.00%,1.00%,0.00%,0.00%,0.00%,0.00%,100.00%,0.00%
Sample 926,0.00%,86.00%,0.00%,0.00%,0.00%,2.00%,0.00%,19.00%
Sample 927,0.00%,1.00%,0.00%,1.00%,1.00%,14.00%,82.00%,1.00%
Sample 928,5.00%,13.00%,12.00%,20.00%,32.00%,27.00%,9.00%,23.00%
Sample 929,0.00%,0.00%,100.00%,0.00%,0.00%,0.00%,0.00%,0.00%
Sample 930,2.00%,15.00%,4.00%,13.00%,23.00%,24.00%,19.00%,19.33%
Sample 931,0.00%,3.00%,3.00%,0.00%,2.00%,0.00%,97.00%,2.00%
Sample 932,9.00%,4.00%,21.00%,3.00%,4.00%,33.00%,12.00%,10.00%
Sample 933,100.00%,0.00%,0.00%,0.00%,0.00%,0.00%,0.00%,0.00%
Sample 934,4.00%,39.00%,14.00%,3.00%,19.00%,17.00%,19.00%,27.00%
Sample 935,2.00%,11.00%,9.00%,22.00%,27.00%,8.00%,4.00%,13.00%
Sample 936,0.00%,1.00%,2.00%,29.00%,60.00%,0.00%,0.00%,0.00%
Sample 937,0.00%,4.00%,0.00%,7.00%,3.00%,57.00%,10.00%,16.00%
Sample 938,0.00%,5.00%,1.00%,8.00%,5.00%,28.00%,40.00%,2.00%
Sample 939,1.00%,24.00%,16.00%,1.00%,11.00%,14.00%,5.00%,8.00%
Sample 940,4.00%,13.33%,7.00%,27.00%,21.00%,23.00%,19.00%,13.00%
Sample 941,0.00%,0.00%,0.00%,0.00%,0.00%,0.00%,99.00%,2.00%
Sample 942,2.00%,16.00%,78.00%,5.00%,8.00%,9.00%,1.00%,9.00%
Sample 943,2.00%,9.00%,2.00%,4.00%,26.00%,24.00%,12.50%,19.00%
Sample 944,0.00%,0.00%,4.00%,80.00%,3.00%,1.00%,0.00%,0.00%
Sample 945,1.00%,17.00%,20.00%,15.00%,12.00%,30.00%,6.00%,19.00%
Sample 946,2.00%,2.00%,3.00%,33.00%,18.00%,7.00%,9.00%,12.00%
Sample 947,0.00%,2.00%,8.67%,7.00%,4.00%,12.00%,34.00%,55.00%
Sample 948,0.00%,6.00%,3.00%,24.00%,8.00%,30.00%,12.00%,20.00%
Sample 949,1.00%,0.00%,86.00%,3.00%,14.00%,2.00%,0.00%,0.00%
Sample 950,0.00%,64.00%,8.00%,0.00%,15.00%,7.00%,4.00%,20.00%
Sample 951,0.00%,92.00%,0.00%,0.00%,2.00%,7.00%,1.00%,3.00%
Sample 952,0.00%,2.00%,3.00%,9.00%,44.00%,17.00%,7.00%,15.00%
Sample 953,0.00%,0.00%,0.00%,0.00%,0.00%,0.00%,100.00%,0.00%
Sample 954,0.00%,0.00%,0.00%,0.00%,0.00%,0.00%,0.00%,100.00%
Sample 955,0.00%,2.00%,4.00%,1.00%,0.00%,58.00%,0.00%,52.00%
Sample 956,0.00%,9.00%,0.00%,2.00%,11.00%,21.00%,3.00%,33.00%
Sample 957,2.00%,12.00%,42.00%,4.00%,7.00%,19.00%,3.00%,4.00%
Sample 958,1.00%,27.00%,17.00%,9.00%,9.00%,9.00%,8.00%,30.00%
Sample 959,0.00%,0.00%,0.00%,0.00%,0.00%,0.00%,100.00%,0.00%
Sample 960,0.00%,7.33%,3.00%,13.00%,10.00%,62.00%,16.00%,16.00%
Sample 961,0.00%,0.00%,0.00%,2.00%,0.00%,86.00%,8.00%,0.00%
Sample 962,1.00%,12.00%,9.00%,27.00%,22.00%,14.00%,27.00%,19.00%
Sample 963,0.00%,3.00%,2.00%,24.00%,15.00%,5.00%,1.00%,12.00%
Sample 964,2.00%,8.00%,3.00%,3.00%,15.00%,22.00%,62.00%,11.00%
Sample 965,100.00%,0.00%,0.00%,0.00%,0.00%,0.00%,0.00%,0.00%
Sample 966,0.00%,0.00%,76.00%,0.00%,1.00%,19.00%,0.00%,0.00%
Sample 967,3.00%,1.00%,1.00%,7.00%,0.00%,73.00%,2.00%,4.00%
Sample 968,0.00%,1.00%,2.00%,7.00%,10.00%,32.00%,2.00%,29.00%
Sample 969,6.00%,9.00%,2.00%,39.00%,8.00%,12.00%,17.00%,15.00%
Sample 970,0.00%,100.00%,0.00%,0.00%,0.00%,0.00%,0.00%,0.00%
Sample 971,2.00%,16.00%,12.00%,6.00%,16.00%,27.00%,12.00%,8.00%
Sample 972,0.00%,0.00%,0.00%,0.00%,0.00%,0.00%,0.00%,100.00%
Sample 973,0.00%,94.00%,0.00%,0.00%,1.00%,3.00%,1.00%,9.00%
Sample 974,0.00%,2.50%,0.00%,3.00%,5.00%,2.00%,2.00%,84.00%
Sample 975,2.00%,23.00%,40.00%,7.00%,8.00%,11.00%,6.00%,9.00%
Sample 976,8.00%,19.00%,35.00%,4.00%,10.00%,22.00%,5.00%,4.00%
Sample 977,0.00%,0.00%,0.00%,1.00%,2.00%,30.00%,2.00%,71.00%
Sample 978,0.00%,43.00%,0.00%,0.00%,18.00%,27.00%,0.00%,1.00%
Sample 979,0.00%,0.00%,0.00%,0.00%,0.00%,0.00%,100.00%,0.00%
Sample 980,0.00%,57.00%,10.00%,5.00%,15.00%,7.00%,0.00%,11.00%
Sample 981,0.50%,5.00%,0.00%,8.00%,1.00%,3.50%,71.00%,8.00%
Sample 982,1.00%,77.00%,5.00%,10.00%,4.00%,8.00%,12.00%,4.00%
Sample 983,5.00%,25.90%,21.00%,5.00%,1.00%,28.00%,9.00%,27.00%
Sample 984,100.00%,0.00%,0.00%,0.00%,0.00%,0.00%,0.00%,0.00%
Sample 985,0.00%,100.00%,0.00%,0.00%,0.00%,0.00%,0.00%,0.00%
Sample 986,4.00%,4.00%,87.00%,3.00%,5.00%,8.00%,0.00%,2.00%
Sample 987,0.00%,0.00%,3.12%,2.00%,9.00%,0.00%,1.00%,57.00%
Sample 988,2.00%,30.00%,7.00%,22.75%,16.00%,15.00%,7.00%,14.00%
Sample 989,0.00%,3.00%,0.00%,6.67%,85.00%,0.00%,0.00%,0.00%
Sample 990,5.00%,12.00%,17.00%,25.00%,19.00%,35.33%,12.00%,11.00%
Sample 991,24.00%,16.00%,6.00%,14.00%,18.00%,35.00%,19.00%,4.00%
Sample 992,0.00%,0.00%,1.00%,0.00%,0.00%,0.00%,99.00%,1.00%
Sample 993,2.00%,9.00%,0.00%,14.00%,7.00%,10.00%,15.00%,36.00%
Sample 994,0.00%,26.00%,1.00%,3.00%,18.00%,15.00%,1.00%,23.60%
Sample 995,1.00%,25.00%,2.00%,3.00%,26.00%,6.00%,0.00%,13.00%
Sample 996,0.00%,4.00%,2.00%,13.00%,4.00%,7.00%,32.00%,29.00%
Sample 997,1.00%,22.00%,5.00%,7.00%,7.00%,20.00%,3.33%,12.00%
Sample 998,0.00%,4.00%,1.00%,19.00%,16.00%,23.00%,23.00%,45.00%
Sample 999,2.00%,16.00%,19.00%,12.00%,4.00%,6.00%,7.00%,18.00%
Sample 1000,2.00%,0.00%,4.00%,91.00%,2.00%,5.00%,7.00%,5.00%
Sample 1001,3.00%,0.00%,0.00%,1.00%,1.00%,8.00%,5.00%,78.00%
Sample 1002,8.00%,4.00%,38.00%,4.00%,3.00%,4.50%,0.00%,4.00%
Sample 1003,0.00%,90.00%,0.00%,0.00%,0.00%,0.00%,2.00%,0.00%
Sample 1004,0.00%,17.00%,1.00%,4.00%,67.00%,6.00%,2.00%,12.00%
Sample 1005,0.00%,0.00%,0.00%,0.00%,0.00%,0.00%,100.00%,1.00%
Sample 1006,100.00%,0.00%,0.00%,0.00%,0.00%,0.00%,0.00%,0.00%
Sample 1007,100.00%,0.00%,0.00%,0.00%,0.00%,0.00%,0.00%,0.00%
Sample 1008,0.00%,1.00%,5.00%,76.00%,10.00%,2.00%,3.00%,0.00%
Sample 1009,0.00%,9.00%,5.00%,14.00%,46.00%,13.00%,12.00%,4.00%
Sample 1010,0.00%,4.00%,18.00%,14.50%,6.00%,6.50%,7.50%,23.00%
Sample 1011,0.00%,4.00%,1.00%,0.00%,0.00%,1.00%,95.00%,1.00%
Sample 1012,11.33%,8.00%,9.00%,34.00%,12.00%,52.00%,12.00%,10.00%
Sample 1013,30.00%,18.00%,6.00%,7.00%,24.00%,14.00%,6.00%,5.00%
Sample 1014,1.00%,4.00%,0.00%,23.00%,4.00%,18.00%,29.00%,15.00%
Sample 1015,64.00%,4.00%,1.00%,4.00%,1.00%,6.00%,1.00%,1.00%
Sample 1016,13.00%,17.00%,21.00%,24.00%,23.00%,33.00%,14.00%,35.00%
Sample 1017,0.00%,94.00%,1.00%,1.00%,0.00%,1.00%,1.00%,2.00%
Sample 1018,0.00%,0.00%,3.00%,95.00%,2.00%,1.00%,0.00%,0.00%
Sample 1019,2.00%,29.00%,0.00%,17.00%,28.00%,22.00%,0.00%,1.00%
Sample 1020,0.00%,8.00%,2.00%,19.00%,13.00%,24.00%,29.00%,27.00%
Sample 1021,5.00%,13.00%,36.00%,8.00%,26.00%,16.00%,19.00%,6.00%
Sample 1022,0.00%,5.00%,5.00%,70.50%,0.00%,7.00%,1.00%,0.00%
Sample 1023,0.00%,0.00%,0.00%,6.50%,2.00%,11.50%,78.00%,10.00%
Sample 1024,0.00%,24.00%,6.00%,9.50%,12.00%,21.00%,21.00%,28.40%
Sample 1025,1.00%,8.00%,8.00%,36.00%,21.00%,4.00%,1.00%,6.00%
Sample 1026,0.00%,48.00%,11.00%,2.00%,11.00%,16.00%,5.00%,33.00%
Sample 1027,1.00%,17.00%,1.00%,4.00%,9.00%,9.00%,60.00%,16.11%
Sample 1028,2.29%,9.00%,0.00%,77.00%,3.00%,3.00%,2.00%,3.00%
Sample 1029,5.00%,10.00%,10.00%,40.00%,11.00%,28.50%,16.00%,28.50%
Sample 1030,9.00%,7.00%,9.00%,22.00%,36.00%,46.00%,16.00%,14.00%
Sample 1031,0.00%,20.00%,4.00%,7.00%,9.00%,23.00%,1.00%,24.00%
Sample 1032,5.00%,20.00%,32.00%,13.00%,10.00%,13.00%,3.00%,13.00%
Sample 1033,3.00%,45.00%,3.00%,6.00%,4.00%,37.00%,14.00%,6.00%
Sample 1034,2.00%,23.00%,8.00%,6.00%,17.00%,14.00%,2.00%,12.00%
Sample 1035,2.00%,33.00%,8.50%,25.00%,35.00%,23.00%,11.00%,23.00%
Sample 1036,0.00%,18.00%,1.00%,1.00%,2.00%,10.00%,7.00%,54.00%
Sample 1037,1.00%,5.33%,12.50%,28.50%,12.00%,12.50%,10.00%,20.00%
Sample 1038,3.00%,4.00%,7.00%,3.00%,5.00%,10.00%,75.00%,10.00%
Sample 1039,1.00%,46.00%,39.00%,1.00%,1.00%,14.00%,7.00%,20.00%
Sample 1040,4.00%,4.00%,11.00%,62.25%,6.00%,7.00%,10.00%,6.00%
Sample 1041,0.00%,0.00%,0.12%,0.00%,2.20%,0.00%,0.00%,96.00%
Sample 1042,1.00%,11.00%,7.00%,15.00%,31.00%,9.00%,3.00%,19.00%
Sample 1043,0.00%,4.40%,12.00%,34.50%,1.00%,10.00%,0.00%,12.58%
Sample 1044,4.00%,10.00%,41.00%,18.00%,15.00%,9.00%,6.00%,15.00%
Sample 1045,7.00%,9.00%,33.00%,3.00%,5.00%,18.00%,6.00%,8.00%
Sample 1046,99.00%,0.00%,0.00%,0.00%,1.00%,0.00%,0.00%,0.00%
Sample 1047,0.00%,14.00%,1.00%,6.00%,17.00%,5.00%,6.00%,31.00%
Sample 1048,0.00%,96.00%,1.00%,0.00%,0.00%,0.00%,0.00%,4.00%
Sample 1049,1.00%,6.00%,14.00%,12.00%,18.00%,7.00%,23.00%,0.00%
Sample 1050,4.00%,15.00%,7.00%,27.00%,22.00%,12.00%,15.00%,25.50%
Sample 1051,0.00%,13.00%,10.00%,21.00%,4.00%,24.00%,7.00%,25.25%
Sample 1052,3.00%,9.00%,20.00%,17.00%,7.00%,38.00%,15.00%,11.00%
Sample 1053,0.00%,4.00%,2.00%,3.00%,7.00%,2.00%,19.00%,64.00%
Sample 1054,0.00%,2.00%,13.00%,3.00%,65.00%,5.00%,0.00%,8.00%
Sample 1055,5.00%,12.00%,6.00%,33.00%,6.00%,24.00%,24.00%,23.00%
Sample 1056,0.00%,1.00%,0.00%,2.00%,0.00%,2.00%,94.00%,4.00%
Sample 1057,4.00%,3.00%,19.00%,31.00%,1.00%,14.00%,8.00%,14.00%
Sample 1058,5.00%,12.00%,12.00%,19.00%,9.00%,45.00%,14.00%,11.00%
Sample 1059,13.00%,1.00%,53.00%,7.00%,7.00%,3.00%,0.00%,1.00%
Sample 1060,0.00%,2.00%,2.00%,0.00%,2.00%,0.00%,92.00%,0.00%
Sample 1061,1.00%,6.00%,10.00%,16.00%,6.00%,6.00%,32.00%,14.00%
Sample 1062,0.00%,0.00%,0.00%,6.00%,5.00%,1.00%,0.00%,75.00%
Sample 1063,1.00%,9.00%,8.00%,33.00%,18.00%,16.00%,0.00%,5.00%
Sample 1064,4.00%,39.00%,13.00%,8.00%,9.00%,10.00%,20.00%,6.00%
Sample 1065,1.00%,13.10%,2.00%,28.00%,14.00%,48.00%,13.00%,14.00%
Sample 1066,1.00%,10.00%,25.00%,5.00%,7.00%,2.00%,13.00%,24.00%
Sample 1067,0.00%,85.33%,0.00%,0.00%,11.11%,4.00%,0.00%,0.00%
Sample 1068,0.00%,0.00%,0.00%,0.00%,99.00%,0.00%,0.00%,0.00%
Sample 1069,1.00%,14.00%,10.00%,7.00%,29.00%,21.00%,16.00%,11.00%
Sample 1070,35.00%,8.00%,43.00%,10.00%,21.00%,25.00%,6.00%,3.00%
Sample 1071,0.00%,21.00%,16.00%,11.00%,19.00%,0.00%,0.00%,0.00%
Sample 1072,2.00%,1.00%,4.00%,13.00%,67.00%,6.00%,4.00%,6.00%
Sample 1073,0.00%,0.00%,0.00%,2.00%,0.00%,1.00%,1.00%,96.00%
Sample 1074,2.00%,17.00%,4.00%,12.00%,18.00%,10.00%,6.00%,9.50%
Sample 1075,12.00%,19.00%,7.00%,7.00%,16.17%,15.00%,10.00%,37.00%
Sample 1076,1.00%,3.00%,56.00%,8.00%,0.00%,11.00%,0.00%,3.00%
Sample 1077,0.00%,0.00%,100.00%,0.00%,0.00%,0.00%,0.00%,0.00%
Sample 1078,0.00%,3.60%,2.00%,0.00%,77.00%,6.00%,0.00%,6.00%
Sample 1079,0.00%,4.00%,93.00%,0.00%,4.00%,3.00%,0.00%,0.00%
Sample 1080,3.00%,18.00%,7.00%,21.00%,17.00%,18.00%,13.00%,9.00%
Sample 1081,0.00%,6.00%,41.00%,4.00%,5.00%,1.50%,1.27%,31.50%
Sample 1082,1.00%,5.00%,1.00%,9.00%,5.00%,9.00%,81.00%,9.00%
Sample 1083,0.00%,19.00%,1.17%,8.00%,8.00%,9.00%,2.00%,76.50%
Sample 1084,0.00%,4.00%,15.00%,9.00%,5.00%,4.00%,3.00%,1.00%
Sample 1085,0.00%,0.00%,0.00%,0.00%,0.00%,0.00%,100.00%,0.00%
Sample 1086,0.00%,3.00%,2.00%,1.00%,1.00%,0.00%,90.00%,4.00%
Sample 1087,0.00%,12.50%,15.00%,12.00%,9.00%,19.00%,4.00%,31.00%
Sample 1088,0.00%,1.00%,1.00%,0.00%,0.00%,0.00%,100.00%,0.00%
Sample 1089,91.00%,2.00%,1.00%,3.00%,7.00%,4.00%,2.00%,1.00%
Sample 1090,0.00%,0.00%,0.00%,97.00%,1.00%,5.00%,0.00%,0.00%
Sample 1091,8.00%,3.00%,68.00%,0.00%,4.00%,5.00%,5.00%,6.00%
Sample 1092,4.00%,2.00%,43.00%,5.00%,6.00%,3.00%,1.00%,27.00%
Sample 1093,0.00%,0.00%,0.00%,1.00%,100.00%,0.00%,0.00%,1.00%
Sample 1094,0.00%,38.86%,5.00%,4.00%,1.00%,2.00%,2.00%,46.67%
Sample 1095,1.00%,4.00%,98.00%,2.00%,0.00%,1.00%,1.00%,5.00%
Sample 1096,0.00%,4.00%,1.00%,7.00%,6.00%,5.00%,86.00%,3.00%
Sample 1097,0.00%,1.00%,0.00%,69.00%,11.00%,1.00%,1.00%,0.00%
Sample 1098,0.00%,3.00%,3.00%,4.00%,8.00%,71.00%,9.00%,19.00%
Sample 1099,11.00%,10.00%,12.00%,26.00%,13.00%,27.00%,7.00%,13.00%
Sample 1100,2.00%,12.00%,6.00%,11.00%,10.00%,34.00%,23.00%,14.00%
Sample 1101,0.00%,1.00%,1.00%,18.00%,13.00%,8.00%,30.00%,45.00%
Sample 1102,5.00%,8.00%,21.00%,3.00%,32.00%,18.00%,12.00%,20.00%
Sample 1103,2.00%,7.00%,42.00%,11.67%,6.00%,13.00%,7.00%,13.00%
Sample 1104,0.00%,93.00%,0.00%,0.00%,0.00%,2.00%,0.00%,3.00%
Sample 1105,0.00%,32.75%,4.00%,9.00%,17.00%,14.00%,7.00%,7.00%
Sample 1106,0.00%,0.00%,0.00%,0.00%,0.00%,0.00%,100.00%,0.00%
Sample 1107,4.00%,3.00%,6.00%,9.00%,3.00%,9.00%,73.00%,4.00%
Sample 1108,0.00%,13.00%,4.67%,3.00%,5.00%,6.00%,17.00%,42.00%
Sample 1109,2.00%,4.50%,13.00%,35.00%,17.00%,22.00%,21.58%,8.10%
Sample 1110,1.00%,3.00%,0.00%,6.00%,1.00%,3.00%,82.00%,14.00%
Sample 1111,0.00%,10.00%,2.00%,3.00%,9.00%,16.00%,49.00%,8.00%
Sample 1112,0.00%,3.00%,0.00%,30.00%,4.00%,30.00%,3.00%,9.50%
Sample 1113,2.00%,14.00%,0.00%,2.00%,40.00%,19.00%,6.00%,25.00%
Sample 1114,0.50%,1.00%,8.00%,2.00%,96.00%,1.00%,2.00%,2.00%
Sample 1115,0.00%,1.00%,85.00%,0.00%,1.00%,8.00%,0.00%,2.00%
Sample 1116,0.00%,74.00%,0.00%,0.00%,3.00%,37.00%,1.00%,1.33%
Sample 1117,4.00%,48.00%,5.00%,6.00%,16.00%,10.00%,13.00%,8.00%
Sample 1118,40.00%,6.00%,5.00%,11.00%,4.00%,6.33%,4.25%,26.00%
Sample 1119,0.00%,14.00%,17.00%,22.00%,33.00%,18.00%,8.67%,18.00%
Sample 1120,1.00%,14.00%,5.00%,6.00%,76.00%,13.00%,9.00%,3.00%
Sample 1121,0.00%,2.00%,3.00%,0.00%,0.00%,0.00%,93.00%,3.00%
Sample 1122,1.00%,7.00%,0.00%,4.00%,77.00%,2.00%,0.00%,8.00%
Sample 1123,1.00%,3.00%,6.00%,30.00%,3.00%,8.00%,6.00%,26.93%
Sample 1124,0.00%,0.00%,0.00%,0.00%,0.00%,0.00%,100.00%,2.00%
Sample 1125,0.00%,15.00%,2.00%,0.00%,66.00%,5.00%,0.00%,4.00%
Sample 1126,0.00%,0.00%,0.00%,0.00%,2.00%,0.00%,99.00%,3.00%
Sample 1127,0.00%,3.00%,5.00%,4.00%,0.00%,64.00%,1.00%,27.00%
Sample 1128,0.00%,1.00%,8.00%,89.00%,1.00%,1.00%,8.00%,1.00%
Sample 1129,0.00%,3.00%,1.00%,27.00%,41.00%,22.00%,13.00%,14.00%
Sample 1130,9.00%,1.00%,1.00%,2.00%,0.00%,82.00%,0.00%,1.00%
Sample 1131,0.00%,2.00%,1.00%,7.00%,8.00%,30.00%,11.00%,30.00%
Sample 1132,9.00%,16.00%,10.00%,11.50%,3.00%,25.00%,54.00%,7.00%
Sample 1133,1.00%,10.00%,9.00%,6.00%,6.00%,9.00%,17.00%,2.00%
Sample 1134,1.00%,1.33%,66.00%,6.00%,1.00%,3.00%,0.00%,8.00%
Sample 1135,0.00%,31.00%,2.00%,4.00%,6.00%,29.00%,0.00%,2.00%
Sample 1136,0.00%,3.00%,90.00%,9.00%,4.00%,15.00%,0.00%,0.00%
Sample 1137,11.00%,0.00%,23.00%,65.00%,2.00%,18.00%,1.00%,0.00%
Sample 1138,0.00%,2.00%,1.00%,7.00%,66.00%,8.00%,4.00%,14.00%
Sample 1139,1.00%,92.00%,0.00%,0.00%,1.00%,0.00%,1.00%,0.00%
Sample 1140,4.00%,12.00%,7.00%,13.00%,9.00%,11.00%,2.00%,31.00%
Sample 1141,6.75%,8.42%,8.40%,26.00%,19.83%,17.00%,11.57%,20.50%
Sample 1142,0.00%,39.83%,0.00%,1.00%,13.00%,26.52%,0.00%,0.00%
Sample 1143,22.00%,15.50%,16.00%,12.00%,21.00%,32.00%,32.00%,9.00%
Sample 1144,70.00%,2.00%,27.00%,6.00%,5.00%,6.00%,0.00%,5.00%
Sample 1145,2.00%,6.00%,15.00%,39.00%,2.00%,16.00%,1.00%,4.00%
Sample 1146,0.00%,2.00%,1.00%,0.00%,81.00%,2.00%,0.00%,3.00%
Sample 1147,0.00%,4.00%,1.00%,1.00%,1.00%,5.00%,0.00%,68.00%
Sample 1148,0.00%,10.00%,6.00%,3.00%,7.00%,10.00%,1.00%,43.00%
Sample 1149,1.00%,8.00%,9.00%,11.00%,34.00%,20.83%,18.00%,24.00%
Sample 1150,0.00%,3.00%,1.00%,6.00%,81.00%,1.00%,4.00%,3.00%
Sample 1151,2.00%,8.17%,19.00%,6.00%,2.00%,19.00%,3.00%,11.33%
Sample 1152,5.00%,10.00%,10.00%,35.00%,27.00%,15.00%,8.50%,9.25%
Sample 1153,0.00%,32.00%,7.00%,13.00%,9.00%,9.00%,5.00%,0.00%
Sample 1154,0.00%,0.00%,0.00%,51.00%,52.00%,0.00%,0.00%,2.00%
Sample 1155,20.00%,9.00%,26.00%,16.00%,11.00%,7.60%,47.00%,14.00%
Sample 1156,4.00%,6.00%,7.00%,13.00%,11.00%,24.00%,7.00%,18.00%
Sample 1157,0.00%,16.00%,20.00%,8.00%,14.00%,36.00%,8.00%,20.00%
Sample 1158,0.00%,1.00%,1.00%,1.00%,4.00%,1.00%,12.00%,79.00%
Sample 1159,0.00%,0.00%,0.00%,0.00%,0.00%,0.00%,100.00%,0.00%
Sample 1160,1.00%,8.00%,4.00%,8.00%,6.00%,52.00%,22.00%,5.00%
Sample 1161,8.00%,6.00%,20.00%,22.00%,31.00%,19.00%,36.00%,4.00%
Sample 1162,1.00%,8.50%,6.00%,9.00%,11.00%,6.00%,59.00%,13.00%
Sample 1163,0.00%,23.00%,3.00%,2.00%,62.00%,36.00%,2.00%,6.00%
Sample 1164,0.00%,0.00%,0.00%,0.00%,0.00%,1.00%,99.00%,0.00%
Sample 1165,0.00%,1.00%,70.00%,0.00%,1.00%,13.00%,0.00%,6.00%
Sample 1166,0.00%,47.00%,5.00%,2.00%,7.00%,21.00%,1.00%,2.00%
Sample 1167,1.00%,30.00%,3.00%,34.00%,10.00%,38.00%,39.00%,5.00%
Sample 1168,0.00%,17.00%,4.00%,7.00%,27.00%,17.00%,0.00%,19.00%
Sample 1169,99.00%,0.00%,0.00%,0.00%,0.00%,0.00%,0.00%,0.00%
Sample 1170,0.00%,5.00%,0.00%,74.00%,8.00%,2.00%,12.00%,3.00%
Sample 1171,100.00%,0.00%,0.00%,0.00%,0.00%,0.00%,0.00%,0.00%
Sample 1172,0.00%,5.00%,6.00%,3.00%,4.00%,60.00%,8.00%,12.00%
Sample 1173,0.00%,6.00%,4.00%,2.00%,0.00%,3.00%,56.00%,31.00%
Sample 1174,2.00%,10.00%,19.00%,24.00%,16.00%,7.00%,0.00%,3.00%
Sample 1175,2.00%,0.00%,39.00%,4.00%,3.00%,41.00%,1.00%,9.00%
Sample 1176,3.00%,13.00%,14.00%,18.00%,21.00%,26.00%,10.33%,1.00%
Sample 1177,0.00%,50.00%,3.00%,3.25%,6.00%,7.00%,4.00%,8.40%
Sample 1178,3.00%,1.00%,76.00%,7.00%,0.00%,3.00%,1.00%,5.00%
Sample 1179,9.00%,70.20%,11.00%,2.00%,10.75%,0.00%,0.00%,7.73%
Sample 1180,0.00%,0.00%,0.00%,34.00%,35.00%,23.00%,17.00%,14.00%
Sample 1181,3.00%,1.00%,21.00%,6.20%,8.00%,18.00%,4.00%,10.80%
Sample 1182,1.00%,27.47%,9.00%,8.00%,10.00%,25.00%,14.00%,18.67%
Sample 1183,0.00%,0.00%,0.83%,3.00%,0.00%,1.00%,100.00%,5.00%
Sample 1184,0.00%,20.00%,0.00%,4.00%,12.43%,39.00%,1.00%,10.00%
Sample 1185,0.00%,5.25%,0.00%,1.00%,91.00%,1.00%,0.00%,0.00%
Sample 1186,5.00%,16.50%,17.00%,8.17%,5.00%,14.00%,54.00%,11.22%
Sample 1187,0.00%,9.00%,2.00%,5.00%,15.00%,7.00%,33.00%,13.00%
Sample 1188,0.00%,0.00%,0.00%,88.00%,19.00%,0.00%,0.00%,0.00%
Sample 1189,2.00%,7.00%,5.00%,23.00%,12.00%,15.00%,51.00%,1.00%
Sample 1190,13.00%,14.00%,9.00%,27.00%,30.00%,16.00%,14.50%,9.00%
Sample 1191,0.00%,1.00%,99.00%,0.00%,1.00%,1.00%,0.00%,0.00%
Sample 1192,1.00%,11.00%,13.00%,17.00%,20.00%,25.00%,14.00%,37.00%
Sample 1193,0.00%,84.00%,2.00%,0.00%,1.00%,5.00%,2.00%,15.00%
Sample 1194,0.00%,8.00%,2.00%,20.00%,47.00%,1.00%,7.00%,3.00%
Sample 1195,0.00%,0.00%,0.00%,89.00%,3.00%,4.00%,1.00%,1.00%
Sample 1196,3.00%,6.00%,3.00%,24.00%,8.00%,8.00%,50.00%,1.00%
Sample 1197,0.00%,18.00%,2.00%,4.00%,37.00%,20.00%,1.00%,3.00%
Sample 1198,0.00%,1.00%,3.00%,68.00%,24.00%,0.00%,0.00%,4.00%
Sample 1199,1.00%,12.00%,5.00%,12.00%,6.00%,15.00%,30.00%,24.00%
Sample 1200,1.00%,2.00%,23.00%,3.00%,1.00%,3.00%,87.00%,4.00%
Sample 1201,0.00%,10.00%,5.00%,7.00%,14.00%,12.00%,9.00%,29.00%
Sample 1202,0.00%,84.00%,4.00%,5.00%,3.00%,4.00%,4.00%,5.00%
Sample 1203,9.00%,2.00%,47.00%,14.00%,9.00%,17.00%,8.00%,3.00%
Sample 1204,0.00%,0.00%,100.00%,0.00%,0.00%,0.00%,0.00%,0.00%
Sample 1205,1.00%,0.00%,1.00%,0.00%,0.00%,3.00%,95.00%,5.00%
Sample 1206,1.00%,4.00%,1.00%,14.00%,45.00%,7.00%,0.00%,0.00%
Sample 1207,5.00%,16.00%,11.00%,5.00%,10.00%,11.00%,63.00%,7.00%
Sample 1208,0.00%,5.00%,4.00%,7.00%,5.00%,9.00%,3.00%,65.60%
Sample 1209,2.00%,17.00%,6.00%,11.00%,9.00%,9.00%,8.00%,18.00%
Sample 1210,1.14%,8.00%,2.00%,25.00%,18.00%,13.00%,6.00%,4.00%
Sample 1211,0.00%,8.00%,3.00%,1.00%,1.00%,11.00%,0.00%,72.00%
Sample 1212,1.00%,35.00%,17.00%,8.00%,23.00%,19.00%,1.00%,31.00%
Sample 1213,0.00%,61.23%,0.00%,3.00%,4.00%,12.00%,0.00%,1.00%
Sample 1214,0.00%,9.00%,5.00%,25.00%,5.00%,31.00%,9.00%,10.00%
Sample 1215,8.00%,7.00%,17.00%,9.00%,13.00%,16.00%,0.00%,1.00%
Sample 1216,3.00%,12.00%,14.00%,10.00%,6.00%,18.00%,74.00%,12.00%
Sample 1217,1.00%,5.00%,9.00%,31.00%,14.00%,3.00%,0.00%,13.00%
Sample 1218,25.00%,6.00%,31.00%,2.00%,8.00%,30.00%,2.00%,1.00%
Sample 1219,0.00%,67.00%,5.00%,3.00%,4.00%,2.00%,4.00%,25.00%
Sample 1220,0.00%,83.00%,1.00%,3.00%,2.00%,4.00%,2.00%,0.00%
Sample 1221,9.00%,21.00%,8.00%,7.00%,15.00%,26.00%,11.00%,5.00%
Sample 1222,0.00%,0.00%,5.00%,3.00%,6.00%,6.00%,95.00%,3.00%
Sample 1223,0.00%,2.00%,18.00%,11.00%,5.00%,5.00%,21.00%,64.00%
Sample 1224,0.00%,3.00%,66.00%,3.00%,12.00%,6.00%,8.00%,10.00%
Sample 1225,0.00%,90.00%,0.00%,0.00%,0.00%,2.00%,1.00%,12.00%
Sample 1226,0.00%,100.00%,0.00%,0.00%,0.00%,0.00%,0.00%,0.00%
Sample 1227,5.00%,1.00%,24.00%,2.00%,3.00%,39.00%,1.00%,2.00%
Sample 1228,0.00%,26.00%,10.00%,11.00%,45.00%,39.00%,5.00%,16.00%
Sample 1229,1.00%,12.00%,1.00%,23.00%,38.00%,10.00%,3.00%,0.00%
Sample 1230,0.00%,8.33%,1.00%,3.00%,10.00%,53.00%,1.00%,6.00%
Sample 1231,1.00%,25.40%,10.00%,0.00%,19.00%,13.00%,6.00%,11.00%
Sample 1232,0.00%,2.00%,0.00%,4.00%,4.00%,3.00%,85.00%,1.00%
Sample 1233,6.00%,10.00%,53.00%,6.00%,3.00%,25.00%,4.00%,6.00%
Sample 1234,24.00%,16.00%,6.00%,14.00%,18.00%,35.00%,19.00%,4.00%
Sample 1235,4.00%,3.00%,8.00%,10.00%,21.00%,20.33%,15.00%,12.33%
Sample 1236,0.00%,3.00%,90.00%,4.00%,1.00%,4.00%,0.00%,2.00%
Sample 1237,1.00%,0.00%,74.00%,12.00%,3.00%,10.00%,1.00%,2.00%
Sample 1238,0.00%,4.00%,1.00%,0.00%,0.00%,1.00%,95.00%,1.00%
Sample 1239,10.00%,3.00%,7.00%,8.00%,4.00%,14.00%,32.00%,2.00%
Sample 1240,0.00%,0.00%,0.00%,0.00%,0.00%,0.00%,100.00%,0.00%
Sample 1241,8.00%,5.00%,9.00%,26.00%,27.00%,19.00%,1.00%,2.00%
Sample 1242,0.00%,6.00%,90.00%,2.00%,2.00%,5.00%,0.00%,0.00%
Sample 1243,1.00%,53.00%,11.00%,3.00%,23.00%,8.00%,12.00%,8.00%
Sample 1244,0.00%,1.00%,100.00%,0.00%,1.00%,0.00%,0.00%,0.00%
Sample 1245,1.00%,12.00%,7.00%,9.40%,14.00%,1.00%,31.00%,33.00%
Sample 1246,0.00%,20.00%,5.00%,5.00%,24.00%,16.00%,2.00%,5.00%
Sample 1247,0.00%,4.00%,8.00%,7.00%,6.00%,15.00%,4.00%,15.00%
Sample 1248,0.00%,9.00%,38.00%,12.00%,6.00%,50.00%,2.00%,18.00%
Sample 1249,1.00%,10.00%,27.00%,24.00%,15.00%,3.00%,0.00%,11.00%
Sample 1250,1.00%,9.00%,2.00%,8.33%,7.00%,16.00%,40.00%,39.00%
Sample 1251,0.00%,2.00%,0.00%,61.00%,0.00%,31.00%,3.00%,2.00%
Sample 1252,0.00%,27.00%,0.00%,11.00%,21.00%,7.00%,1.00%,23.00%
Sample 1253,0.00%,9.00%,11.00%,26.00%,6.00%,7.00%,6.00%,10.00%
Sample 1254,0.00%,3.00%,26.00%,3.00%,4.00%,85.00%,0.00%,7.00%
Sample 1255,1.00%,19.00%,14.00%,5.00%,17.00%,12.00%,1.00%,9.00%
Sample 1256,3.00%,3.00%,11.00%,1.00%,2.00%,18.00%,5.00%,15.00%
Sample 1257,0.00%,25.00%,9.00%,42.00%,26.00%,19.00%,0.00%,0.00%
Sample 1258,0.00%,0.00%,3.00%,94.00%,0.00%,0.00%,0.00%,0.00%
Sample 1259,0.00%,4.00%,65.00%,6.00%,3.00%,9.00%,0.00%,2.00%
Sample 1260,0.00%,2.00%,97.00%,5.00%,0.00%,1.00%,0.00%,1.00%
Sample 1261,56.00%,6.00%,13.00%,2.00%,3.00%,11.00%,0.00%,0.00%
Sample 1262,0.00%,9.00%,6.00%,35.00%,27.00%,3.00%,1.00%,0.00%
Sample 1263,1.00%,7.00%,17.00%,16.00%,10.00%,16.00%,17.00%,31.00%
Sample 1264,0.00%,22.00%,4.00%,2.00%,49.00%,1.00%,4.00%,19.00%
Sample 1265,0.00%,1.00%,1.00%,0.00%,1.00%,2.00%,93.00%,4.00%
Sample 1266,0.00%,4.00%,3.00%,2.00%,8.00%,22.00%,9.00%,69.00%
Sample 1267,100.00%,0.00%,0.00%,0.00%,0.00%,0.00%,0.00%,0.00%
Sample 1268,0.00%,6.00%,2.00%,6.00%,16.00%,6.00%,1.00%,47.00%
Sample 1269,8.00%,3.00%,5.00%,54.00%,14.00%,15.75%,4.00%,15.00%
Sample 1270,0.00%,10.00%,29.00%,9.78%,17.00%,4.00%,0.00%,7.00%
Sample 1271,0.00%,4.00%,1.00%,11.00%,7.00%,26.00%,14.00%,54.00%
Sample 1272,3.00%,32.00%,6.00%,8.50%,24.00%,54.67%,12.00%,15.00%
Sample 1273,0.00%,0.00%,0.00%,0.00%,0.00%,0.00%,100.00%,0.00%
Sample 1274,1.00%,10.50%,2.00%,66.93%,24.00%,8.95%,1.00%,4.00%
Sample 1275,0.00%,1.00%,6.00%,72.00%,1.00%,9.00%,3.00%,15.00%
Sample 1276,0.00%,3.00%,2.00%,6.00%,92.00%,3.00%,2.00%,4.00%
Sample 1277,3.00%,1.00%,10.00%,43.00%,30.00%,13.32%,17.00%,4.00%
Sample 1278,2.00%,5.17%,2.00%,3.00%,3.00%,4.83%,73.00%,8.00%
Sample 1279,0.00%,32.00%,14.00%,37.00%,7.33%,13.00%,0.00%,19.00%
Sample 1280,0.00%,1.00%,64.00%,0.00%,2.00%,19.00%,0.00%,0.00%
Sample 1281,0.00%,0.00%,0.00%,0.00%,0.00%,0.00%,0.00%,100.00%
Sample 1282,0.00%,3.00%,1.00%,3.50%,9.00%,13.17%,75.00%,12.00%
Sample 1283,2.00%,4.00%,11.33%,6.00%,4.00%,4.00%,67.00%,13.00%
Sample 1284,0.00%,23.00%,9.00%,8.00%,11.00%,3.00%,0.00%,36.00%
Sample 1285,100.00%,0.00%,0.00%,0.00%,0.00%,0.00%,0.00%,0.00%
Sample 1286,2.00%,25.00%,9.00%,13.00%,19.00%,15.00%,24.00%,1.00%
Sample 1287,0.00%,3.00%,1.00%,0.00%,1.00%,8.00%,77.00%,0.00%
Sample 1288,0.00%,13.00%,5.00%,27.00%,18.00%,3.00%,4.00%,4.00%
Sample 1289,100.00%,0.00%,0.00%,0.00%,0.00%,0.00%,0.00%,0.00%
Sample 1290,1.00%,24.00%,4.00%,20.00%,9.00%,7.00%,16.00%,24.00%
Sample 1291,1.00%,90.00%,3.00%,0.00%,3.00%,9.00%,2.00%,8.00%
Sample 1292,2.00%,69.00%,7.00%,3.00%,2.00%,25.00%,10.00%,5.00%
Sample 1293,1.00%,14.50%,46.00%,4.00%,11.00%,2.00%,1.22%,8.00%
Sample 1294,3.00%,35.67%,6.00%,12.00%,17.00%,17.00%,47.00%,2.00%
Sample 1295,0.00%,0.00%,64.00%,0.00%,2.00%,21.00%,0.00%,0.00%
Sample 1296,0.00%,2.00%,3.00%,1.00%,0.00%,0.00%,83.00%,21.65%
Sample 1297,100.00%,0.00%,0.00%,0.00%,0.00%,0.00%,0.00%,0.00%
Sample 1298,24.00%,9.00%,6.00%,28.00%,9.00%,6.00%,0.00%,2.00%
Sample 1299,1.00%,52.00%,13.00%,3.00%,30.00%,14.50%,6.00%,34.00%
Sample 1300,4.00%,17.00%,5.00%,12.00%,12.00%,50.00%,14.00%,12.00%
Sample 1301,6.00%,6.00%,32.00%,3.00%,7.00%,18.00%,1.00%,5.00%
Sample 1302,0.00%,1.00%,91.00%,0.00%,0.00%,2.00%,0.00%,2.00%
Sample 1303,1.00%,9.00%,0.00%,3.00%,0.00%,73.00%,15.00%,2.00%
Sample 1304,31.00%,9.00%,2.00%,15.00%,16.00%,16.00%,4.00%,2.00%
Sample 1305,1.00%,10.00%,1.00%,15.00%,41.00%,21.00%,2.00%,1.00%
Sample 1306,2.00%,28.00%,1.00%,12.00%,32.00%,6.00%,3.00%,0.00%
Sample 1307,0.00%,53.00%,4.00%,0.00%,28.00%,22.00%,4.00%,23.33%
Sample 1308,9.00%,37.00%,68.00%,0.00%,9.00%,1.00%,0.00%,0.00%
Sample 1309,8.00%,13.00%,73.00%,11.00%,23.00%,26.00%,2.00%,7.00%
Sample 1310,3.00%,38.89%,5.00%,3.00%,5.00%,4.00%,3.67%,13.98%
Sample 1311,1.00%,14.00%,10.00%,5.00%,16.00%,7.00%,7.00%,18.00%
Sample 1312,2.00%,40.00%,2.00%,5.00%,30.00%,11.00%,9.00%,7.00%
Sample 1313,0.00%,1.00%,2.00%,97.00%,6.00%,0.00%,2.00%,5.00%
Sample 1314,3.00%,7.00%,3.00%,1.00%,0.00%,5.00%,1.00%,66.00%
Sample 1315,0.00%,9.00%,7.00%,8.00%,7.00%,18.00%,5.00%,22.00%
Sample 1316,0.00%,2.00%,1.00%,2.00%,69.00%,15.00%,3.00%,5.00%
Sample 1317,1.00%,23.00%,38.00%,6.00%,5.00%,11.00%,10.00%,25.00%
Sample 1318,1.00%,27.00%,16.00%,13.00%,16.00%,26.00%,20.00%,3.00%
Sample 1319,0.00%,0.00%,99.00%,0.00%,0.00%,0.00%,0.00%,0.00%
Sample 1320,3.00%,59.00%,3.00%,10.00%,5.00%,26.00%,7.00%,7.00%
Sample 1321,2.00%,14.57%,14.00%,12.50%,17.00%,21.00%,7.50%,20.67%
Sample 1322,2.00%,11.00%,23.00%,16.00%,15.00%,11.00%,5.00%,9.00%
Sample 1323,0.00%,11.00%,11.00%,14.00%,20.00%,16.00%,11.00%,30.00%
Sample 1324,3.00%,10.00%,1.00%,15.00%,30.00%,24.00%,6.00%,10.00%
Sample 1325,0.00%,3.00%,2.00%,8.00%,81.00%,0.00%,2.00%,4.00%
Sample 1326,0.00%,3.50%,0.00%,3.00%,62.00%,8.17%,0.00%,0.00%
Sample 1327,1.00%,1.00%,0.00%,1.00%,1.00%,2.00%,0.00%,87.00%
Sample 1328,0.62%,3.00%,0.00%,1.00%,1.00%,6.00%,92.00%,5.50%
Sample 1329,12.00%,5.00%,5.50%,57.21%,3.00%,8.67%,6.00%,12.00%
Sample 1330,0.00%,14.00%,9.00%,1.00%,12.00%,15.00%,2.00%,13.00%
Sample 1331,0.00%,6.00%,2.00%,8.00%,6.00%,7.00%,74.00%,1.00%
Sample 1332,0.00%,7.00%,4.00%,1.00%,0.00%,2.00%,0.00%,86.00%
Sample 1333,5.00%,4.00%,2.00%,71.00%,4.00%,2.00%,6.00%,6.00%
Sample 1334,0.00%,38.97%,0.00%,24.20%,25.02%,0.00%,0.00%,3.00%
Sample 1335,0.00%,0.00%,0.00%,1.00%,0.00%,1.00%,0.00%,100.00%
Sample 1336,0.00%,16.00%,0.00%,53.00%,5.00%,15.00%,0.00%,1.00%
Sample 1337,1.00%,8.00%,5.00%,27.00%,26.00%,14.00%,0.00%,5.00%
Sample 1338,2.00%,19.00%,11.00%,10.00%,27.00%,32.00%,2.00%,5.00%
Sample 1339,4.00%,8.00%,14.00%,11.00%,7.00%,11.00%,30.00%,9.00%
Sample 1340,0.00%,0.00%,1.00%,0.00%,0.00%,0.00%,100.00%,0.00%
Sample 1341,1.00%,9.33%,2.00%,2.00%,20.00%,12.00%,36.00%,25.00%
Sample 1342,1.00%,4.00%,3.00%,4.00%,4.00%,8.00%,68.00%,5.00%
Sample 1343,2.00%,22.00%,3.00%,33.00%,17.00%,6.00%,18.00%,7.00%
Sample 1344,0.00%,69.00%,1.00%,1.00%,4.00%,4.00%,1.00%,18.00%
Sample 1345,1.00%,40.00%,6.00%,13.00%,14.00%,26.00%,2.00%,1.00%
Sample 1346,0.00%,41.00%,0.00%,0.00%,1.50%,48.00%,0.00%,8.30%
Sample 1347,0.00%,28.00%,2.00%,32.00%,19.00%,7.00%,0.00%,3.00%
Sample 1348,5.00%,55.00%,7.00%,2.00%,13.00%,25.33%,6.00%,3.00%
Sample 1349,0.00%,3.00%,0.00%,0.00%,0.00%,0.00%,91.00%,0.00%
Sample 1350,0.00%,6.67%,14.00%,3.00%,8.00%,16.00%,6.00%,22.00%
Sample 1351,2.00%,6.73%,19.00%,11.00%,6.00%,31.00%,1.00%,17.00%
Sample 1352,1.00%,85.00%,4.00%,2.00%,5.00%,4.00%,7.00%,13.00%
Sample 1353,0.00%,1.00%,85.00%,2.00%,0.00%,3.00%,4.00%,5.00%
Sample 1354,0.00%,0.00%,0.00%,0.00%,0.00%,0.00%,0.00%,100.00%
Sample 1355,6.00%,22.12%,11.00%,24.00%,32.00%,24.00%,3.00%,12.00%
Sample 1356,0.00%,17.00%,0.00%,4.00%,41.00%,39.00%,1.00%,9.00%
Sample 1357,0.00%,0.00%,1.00%,3.00%,3.00%,2.00%,8.00%,58.00%
Sample 1358,1.00%,15.00%,3.00%,10.00%,7.00%,13.00%,3.00%,11.00%
Sample 1359,4.00%,14.00%,84.00%,2.00%,0.00%,5.00%,1.00%,10.00%
Sample 1360,0.00%,5.00%,1.00%,0.00%,1.00%,0.00%,3.00%,90.00%
Sample 1361,11.00%,7.00%,5.00%,40.50%,6.00%,9.00%,4.00%,7.00%
Sample 1362,2.00%,15.00%,7.00%,12.00%,35.00%,11.00%,0.00%,1.00%
Sample 1363,1.00%,10.00%,8.00%,27.00%,6.00%,5.00%,36.00%,16.00%
Sample 1364,0.00%,65.00%,15.00%,5.00%,6.00%,5.00%,4.00%,5.11%
Sample 1365,99.00%,0.00%,0.00%,0.00%,0.00%,0.00%,0.00%,0.00%
Sample 1366,0.00%,4.00%,4.00%,81.00%,2.00%,3.00%,3.00%,12.00%
Sample 1367,1.00%,0.00%,96.00%,0.00%,1.00%,3.00%,0.00%,4.00%
Sample 1368,22.00%,5.00%,2.00%,19.00%,16.00%,20.00%,13.00%,2.00%
Sample 1369,0.00%,18.00%,5.00%,19.00%,11.00%,24.00%,0.00%,9.00%
Sample 1370,4.00%,17.00%,11.00%,4.00%,2.00%,14.00%,12.00%,26.00%
Sample 1371,0.00%,0.00%,99.00%,0.00%,0.00%,0.00%,0.00%,0.00%
Sample 1372,100.00%,0.00%,0.00%,0.00%,0.00%,0.00%,0.00%,0.00%
Sample 1373,0.00%,0.00%,2.00%,0.00%,0.00%,0.00%,1.00%,99.00%
Sample 1374,0.00%,2.00%,12.00%,2.00%,7.00%,6.00%,9.00%,3.00%
Sample 1375,2.00%,4.00%,7.00%,59.00%,3.00%,8.00%,5.00%,5.00%
Sample 1376,1.00%,0.00%,1.00%,0.00%,0.00%,1.00%,100.00%,0.00%
Sample 1377,97.00%,1.00%,1.00%,1.00%,1.00%,1.00%,1.00%,0.00%
Sample 1378,100.00%,0.00%,0.00%,0.00%,0.00%,0.00%,0.00%,0.00%
Sample 1379,0.00%,6.00%,2.00%,7.00%,6.00%,0.00%,79.00%,14.00%
Sample 1380,0.00%,14.00%,3.00%,12.00%,23.00%,10.00%,7.00%,7.00%
Sample 1381,0.00%,8.00%,89.00%,0.00%,3.00%,1.00%,0.00%,0.00%
Sample 1382,0.00%,2.00%,1.00%,3.00%,7.00%,4.00%,1.00%,70.60%
Sample 1383,2.00%,86.00%,0.00%,0.00%,2.00%,20.00%,2.00%,3.00%
Sample 1384,3.00%,11.00%,0.00%,9.00%,7.00%,33.00%,6.00%,15.00%
Sample 1385,1.00%,66.00%,5.00%,7.00%,3.00%,15.00%,7.00%,4.00%
Sample 1386,0.00%,11.00%,0.00%,1.00%,26.00%,15.00%,2.00%,35.00%
Sample 1387,5.00%,14.00%,14.00%,12.00%,8.00%,19.00%,4.00%,6.33%
Sample 1388,0.00%,1.00%,0.00%,0.00%,0.00%,0.00%,100.00%,0.00%
Sample 1389,5.00%,50.00%,14.00%,15.00%,7.00%,10.00%,0.00%,15.00%
Sample 1390,0.00%,0.00%,99.00%,0.00%,0.00%,0.00%,0.00%,0.00%
Sample 1391,8.00%,3.00%,4.00%,35.00%,4.00%,4.00%,12.00%,5.00%
Sample 1392,1.00%,13.00%,1.00%,5.00%,16.00%,15.00%,2.00%,37.00%
Sample 1393,1.00%,4.00%,0.00%,76.00%,1.00%,0.00%,1.00%,16.00%
Sample 1394,0.00%,1.00%,77.00%,16.00%,2.00%,1.00%,0.00%,0.00%
Sample 1395,2.00%,13.50%,8.00%,21.00%,14.00%,24.00%,4.00%,11.00%
Sample 1396,0.00%,2.00%,7.00%,3.00%,8.00%,5.00%,13.00%,85.00%
Sample 1397,0.00%,100.00%,0.00%,0.00%,0.00%,0.00%,0.00%,0.00%
Sample 1398,100.00%,0.00%,0.00%,0.00%,0.00%,0.00%,0.00%,0.00%
Sample 1399,1.00%,8.00%,4.00%,10.00%,2.00%,74.00%,8.00%,7.00%
Sample 1400,8.00%,9.00%,10.00%,10.00%,24.00%,10.00%,8.00%,4.00%
Sample 1401,0.00%,3.00%,1.00%,68.00%,6.00%,4.00%,3.00%,7.00%
Sample 1402,1.00%,6.00%,51.00%,10.00%,10.00%,8.00%,2.00%,9.00%
Sample 1403,8.00%,1.00%,58.00%,14.00%,6.00%,16.00%,6.00%,5.00%
Sample 1404,2.00%,6.00%,0.00%,5.00%,61.00%,5.00%,2.00%,2.00%
Sample 1405,1.00%,43.00%,1.00%,18.00%,28.00%,14.00%,1.00%,2.00%
Sample 1406,1.00%,1.00%,68.00%,2.00%,10.00%,6.00%,2.00%,3.00%
Sample 1407,0.00%,26.00%,6.00%,13.00%,30.00%,4.00%,0.00%,0.00%
Sample 1408,1.00%,1.00%,91.00%,6.00%,5.00%,8.00%,0.00%,0.00%
Sample 1409,100.00%,0.00%,0.00%,0.00%,0.00%,0.00%,0.00%,0.00%
Sample 1410,0.00%,96.00%,1.00%,0.00%,0.00%,0.00%,0.00%,3.00%
Sample 1411,0.00%,97.00%,0.00%,0.00%,1.00%,0.00%,0.00%,0.00%
Sample 1412,0.00%,0.00%,0.00%,0.00%,1.00%,0.00%,99.00%,0.00%
Sample 1413,1.00%,1.00%,2.00%,5.00%,8.00%,22.00%,1.00%,36.00%
Sample 1414,0.00%,0.00%,0.00%,98.00%,0.00%,0.00%,0.00%,0.00%
Sample 1415,0.00%,23.00%,2.00%,2.00%,0.00%,0.00%,0.00%,71.00%
Sample 1416,0.00%,4.00%,0.00%,6.00%,5.00%,80.00%,11.00%,12.00%
Sample 1417,7.67%,7.00%,8.40%,18.00%,13.00%,20.40%,31.33%,30.50%
Sample 1418,12.00%,8.00%,57.00%,11.00%,24.00%,8.00%,1.00%,2.00%
Sample 1419,1.00%,15.00%,5.00%,2.00%,17.00%,33.00%,11.00%,7.00%
Sample 1420,2.00%,19.00%,4.00%,1.00%,25.00%,18.00%,3.00%,3.00%
Sample 1421,0.00%,66.97%,0.00%,0.00%,29.87%,1.00%,0.00%,0.00%
Sample 1422,2.00%,6.00%,1.00%,77.00%,9.00%,2.00%,4.00%,0.00%
